"date","value"
2015-09-24,-0.3363
2015-09-25,-0.04658
2015-09-28,-2.56661
2015-09-29,0.12329
2015-09-30,1.90755
2015-10-01,0.19739
2015-10-02,1.43153
2015-10-05,1.82898
2015-10-06,-0.35882
2015-10-07,0.80357
2015-10-08,0.88184
2015-10-09,0.07251
2015-10-12,0.12755
2015-10-13,-0.68254
2015-10-14,-0.47163
2015-10-15,1.48528
2015-10-16,0.45705
2015-10-19,0.02705
2015-10-20,-0.14211
2015-10-21,-0.58254
2015-10-22,1.66275
2015-10-23,1.10304
2015-10-26,-0.19131
2015-10-27,-0.25541
2015-10-28,1.18399
2015-10-29,-0.04497
2015-10-30,-0.481
2015-11-02,1.18738
2015-11-03,0.27281
2015-11-04,-0.35454
2015-11-05,-0.11321
2015-11-06,-0.03476
2015-11-09,-0.98228
2015-11-10,0.15106
2015-11-11,-0.32281
2015-11-12,-1.39904
2015-11-13,-1.12074
2015-11-16,1.49033
2015-11-17,-0.13394
2015-11-18,1.61624
2015-11-19,-0.11231
2015-11-20,0.38102
2015-11-23,-0.12349
2015-11-24,0.12221
2015-11-25,-0.01292
2015-11-30,-0.46409
2015-12-01,1.06806
2015-12-02,-1.09958
2015-12-03,-1.43736
2015-12-04,2.05258
2015-12-07,-0.69896
2015-12-08,-0.64899
2015-12-09,-0.77389
2015-12-10,0.22514
2015-12-11,-1.94228
2015-12-14,0.47556
2015-12-15,1.06185
2015-12-16,1.4515
2015-12-17,-1.50405
2015-12-18,-1.77972
2015-12-21,0.77784
2015-12-22,0.88168
2015-12-23,1.2418
2015-12-24,-0.15986
2015-12-29,1.06297
2015-12-30,-0.72172
2015-12-31,-0.94118
2016-01-05,0.20123
2016-01-06,-1.31154
2016-01-07,-2.37004
2016-01-08,-1.08384
2016-01-11,0.08533
2016-01-12,0.78028
2016-01-13,-2.49654
2016-01-14,1.66959
2016-01-15,-2.15991
2016-01-20,-1.16939
2016-01-21,0.51954
2016-01-22,2.02837
2016-01-25,-1.56379
2016-01-26,1.41443
2016-01-27,-1.08635
2016-01-28,0.55286
2016-01-29,2.47602
2016-02-01,-0.04432
2016-02-02,-1.87431
2016-02-03,0.4992
2016-02-04,0.15268
2016-02-05,-1.84813
2016-02-08,-1.41539
2016-02-09,-0.06636
2016-02-10,-0.0189
2016-02-11,-1.23011
2016-02-12,1.9518
2016-02-17,1.64804
2016-02-18,-0.46657
2016-02-19,-0.00261
2016-02-22,1.44542
2016-02-23,-1.24544
2016-02-24,0.44398
2016-02-25,1.13483
2016-02-26,-0.18702
2016-02-29,-0.81209
2016-03-01,2.38688
2016-03-02,0.40943
2016-03-03,0.34987
2016-03-04,0.33059
2016-03-07,0.0885
2016-03-08,-1.12401
2016-03-09,0.50524
2016-03-10,0.01558
2016-03-11,1.63955
2016-03-14,-0.1261
2016-03-15,-0.1837
2016-03-16,0.56004
2016-03-17,0.65952
2016-03-18,0.44056
2016-03-21,0.09856
2016-03-22,-0.08774
2016-03-23,-0.6386
2016-03-24,-0.03781
2016-03-29,0.88167
2016-03-30,0.43503
2016-03-31,-0.20398
2016-04-01,0.63309
2016-04-04,-0.32083
2016-04-05,-1.01446
2016-04-06,1.05077
2016-04-07,-1.19758
2016-04-08,0.27866
2016-04-11,-0.27398
2016-04-12,0.96621
2016-04-13,1.00402
2016-04-14,0.01729
2016-04-15,-0.09843
2016-04-18,0.6541
2016-04-19,0.30845
2016-04-20,0.07616
2016-04-21,-0.51941
2016-04-22,0.00478
2016-04-25,-0.1812
2016-04-26,0.18728
2016-04-27,0.16494
2016-04-28,-0.92308
2016-04-29,-0.50631
2016-05-02,0.781
2016-05-03,-0.86767
2016-05-04,-0.59369
2016-05-05,-0.02389
2016-05-06,0.31746
2016-05-09,0.07535
2016-05-10,1.24837
2016-05-11,-0.95616
2016-05-12,-0.01695
2016-05-13,-0.84782
2016-05-16,0.97967
2016-05-17,-0.94113
2016-05-18,0.02052
2016-05-19,-0.37067
2016-05-20,0.60195
2016-05-23,-0.20854
2016-05-24,1.36814
2016-05-25,0.69748
2016-05-26,-0.02105
2016-05-27,0.42869
2016-06-01,0.11302
2016-06-02,0.28247
2016-06-03,-0.29118
2016-06-06,0.48973
2016-06-07,0.12895
2016-06-08,0.33095
2016-06-09,-0.17177
2016-06-10,-0.91752
2016-06-13,-0.81152
2016-06-14,-0.17989
2016-06-15,-0.18407
2016-06-16,0.3133
2016-06-17,-0.3258
2016-06-20,0.58082
2016-06-21,0.27121
2016-06-22,-0.16516
2016-06-23,1.3364
2016-06-24,-3.59198
2016-06-27,-1.80965
2016-06-28,1.77702
2016-06-29,1.70326
2016-06-30,1.3565
2016-07-01,0.19487
2016-07-06,0.5353
2016-07-07,-0.08715
2016-07-08,1.52533
2016-07-11,0.34086
2016-07-12,0.70093
2016-07-13,0.01347
2016-07-14,0.52592
2016-07-15,-0.09289
2016-07-18,0.23823
2016-07-19,-0.14352
2016-07-20,0.42703
2016-07-21,-0.36125
2016-07-22,0.45539
2016-07-25,-0.30115
2016-07-26,0.03228
2016-07-27,-0.11986
2016-07-28,0.16062
2016-07-29,0.16313
2016-08-01,-0.12698
2016-08-02,-0.63616
2016-08-03,0.31339
2016-08-04,0.02126
2016-08-05,0.86034
2016-08-08,-0.09071
2016-08-09,0.03897
2016-08-10,-0.28647
2016-08-11,0.47346
2016-08-12,-0.07961
2016-08-15,0.2793
2016-08-16,-0.54791
2016-08-17,0.18686
2016-08-18,0.21996
2016-08-19,-0.14403
2016-08-22,-0.05632
2016-08-23,0.19518
2016-08-24,-0.52403
2016-08-25,-0.13652
2016-08-26,-0.15788
2016-08-29,0.52281
2016-08-30,-0.19538
2016-08-31,-0.23758
2016-09-01,-0.00415
2016-09-02,0.42011
2016-09-07,-0.01464
2016-09-08,-0.22231
2016-09-09,-2.45221
2016-09-12,1.46771
2016-09-13,-1.48307
2016-09-14,-0.05877
2016-09-15,1.01093
2016-09-16,-0.37722
2016-09-19,-0.00187
2016-09-20,0.02992
2016-09-21,1.09171
2016-09-22,0.64999
2016-09-23,-0.57368
2016-09-26,-0.85878
2016-09-27,0.64442
2016-09-28,0.52965
2016-09-29,-0.93213
2016-09-30,0.79679
2016-10-03,-0.32607
2016-10-04,-0.49556
2016-10-05,0.42967
2016-10-06,0.04815
2016-10-07,-0.32535
2016-10-10,0.46059
2016-10-11,-1.24465
2016-10-12,0.11466
2016-10-13,-0.30993
2016-10-14,0.02016
2016-10-17,-0.3038
2016-10-18,0.61604
2016-10-19,0.2192
2016-10-20,-0.13757
2016-10-21,-0.00841
2016-10-24,0.47498
2016-10-25,-0.37977
2016-10-26,-0.17404
2016-10-27,-0.29868
2016-10-28,-0.31082
2016-10-31,-0.01223
2016-11-01,-0.67869
2016-11-02,-0.65255
2016-11-03,-0.44234
2016-11-04,-0.16661
2016-11-07,2.22235
2016-11-08,0.3772
2016-11-09,1.1077
2016-11-10,0.19508
2016-11-11,-0.13979
2016-11-14,-0.01155
2016-11-15,0.74808
2016-11-16,-0.15823
2016-11-17,0.46763
2016-11-18,-0.23867
2016-11-21,0.74614
2016-11-22,0.21654
2016-11-23,0.0808
2016-11-28,-0.52545
2016-11-29,0.13353
2016-11-30,-0.26535
2016-12-01,-0.35155
2016-12-02,0.03971
2016-12-05,0.58213
2016-12-06,0.34109
2016-12-07,1.31632
2016-12-08,0.21594
2016-12-09,0.59389
2016-12-12,-0.11374
2016-12-13,0.65398
2016-12-14,-0.81172
2016-12-15,0.38832
2016-12-16,-0.17506
2016-12-19,0.19751
2016-12-20,0.36375
2016-12-21,-0.24573
2016-12-22,-0.1863
2016-12-23,0.12517
2016-12-28,-0.83565
2016-12-29,-0.02933
2016-12-30,-0.46371
2017-01-04,0.57223
2017-01-05,-0.07707
2017-01-06,0.3517
2017-01-09,-0.35486
2017-01-10,0
2017-01-11,0.28296
2017-01-12,-0.21448
2017-01-13,0.18499
2017-01-18,0.17638
2017-01-19,-0.36093
2017-01-20,0.33662
2017-01-23,-0.26901
2017-01-24,0.65645
2017-01-25,0.80261
2017-01-26,-0.07353
2017-01-27,-0.08665
2017-01-30,-0.60095
2017-01-31,-0.089
2017-02-01,0.02984
2017-02-02,0.05703
2017-02-03,0.72648
2017-02-06,-0.21154
2017-02-07,0.02268
2017-02-08,0.06934
2017-02-09,0.57525
2017-02-10,0.35661
2017-02-13,0.52459
2017-02-14,0.40073
2017-02-15,0.49923
2017-02-16,-0.08641
2017-02-17,0.16786
2017-02-22,-0.10823
2017-02-23,0.0419
2017-02-24,0.14934
2017-02-27,0.1018
2017-02-28,-0.25783
2017-03-01,1.36738
2017-03-02,-0.58599
2017-03-03,0.05038
2017-03-06,-0.32772
2017-03-07,-0.29133
2017-03-08,-0.22843
2017-03-09,0.07998
2017-03-10,0.32687
2017-03-13,0.03667
2017-03-14,-0.3379
2017-03-15,0.83747
2017-03-16,-0.16267
2017-03-17,-0.13144
2017-03-20,-0.20099
2017-03-21,-1.2408
2017-03-22,0.18899
2017-03-23,-0.10603
2017-03-24,-0.0844
2017-03-27,-0.10196
2017-03-28,0.72515
2017-03-29,0.10854
2017-03-30,0.2935
2017-03-31,-0.2255
2017-04-03,-0.16422
2017-04-04,0.05596
2017-04-05,-0.30549
2017-04-06,0.19295
2017-04-07,-0.08272
2017-04-10,0.06877
2017-04-11,-0.14339
2017-04-12,-0.37599
2017-04-13,-0.68147
2017-04-18,-0.29034
2017-04-19,-0.17163
2017-04-20,0.75572
2017-04-21,-0.3035
2017-04-24,1.08401
2017-04-25,0.60906
2017-04-26,-0.04856
2017-04-27,0.05529
2017-04-28,-0.19131
2017-05-01,0.17322
2017-05-02,0.11891
2017-05-03,-0.12713
2017-05-04,0.0582
2017-05-05,0.40887
2017-05-08,0.00375
2017-05-09,-0.10253
2017-05-10,0.11306
2017-05-11,-0.21628
2017-05-12,-0.14784
2017-05-15,0.47764
2017-05-16,-0.06868
2017-05-17,-1.81783
2017-05-18,0.36868
2017-05-19,0.67675
2017-05-22,0.51601
2017-05-23,0.18379
2017-05-24,0.24891
2017-05-25,0.44419
2017-05-26,0.03106
2017-05-31,-0.046
2017-06-01,0.75711
2017-06-02,0.37077
2017-06-05,-0.12177
2017-06-06,-0.2779
2017-06-07,0.15683
2017-06-08,0.02671
2017-06-09,-0.083
2017-06-12,-0.09787
2017-06-13,0.45114
2017-06-14,-0.09958
2017-06-15,-0.22396
2017-06-16,0.02837
2017-06-19,0.83472
2017-06-20,-0.66967
2017-06-21,-0.05827
2017-06-22,-0.04557
2017-06-23,0.15609
2017-06-26,0.03158
2017-06-27,-0.80727
2017-06-28,0.8808
2017-06-29,-0.86
2017-06-30,0.15332
2017-07-03,0.23108
2017-07-06,-0.93688
2017-07-07,0.64032
2017-07-10,0.09278
2017-07-11,-0.07827
2017-07-12,0.73056
2017-07-13,0.18746
2017-07-14,0.46735
2017-07-17,-0.00529
2017-07-18,0.05978
2017-07-19,0.53727
2017-07-20,-0.01536
2017-07-21,-0.03679
2017-07-24,-0.10637
2017-07-25,0.29232
2017-07-26,0.02826
2017-07-27,-0.09726
2017-07-28,-0.13412
2017-07-31,-0.07281
2017-08-01,0.24491
2017-08-02,0.04927
2017-08-03,-0.21836
2017-08-04,0.1889
2017-08-07,0.16473
2017-08-08,-0.24144
2017-08-09,-0.03636
2017-08-10,-1.44744
2017-08-11,0.12755
2017-08-14,1.00437
2017-08-15,-0.04988
2017-08-16,0.14201
2017-08-17,-1.54369
2017-08-18,-0.18354
2017-08-21,0.11626
2017-08-22,0.99408
2017-08-23,-0.34536
2017-08-24,-0.20744
2017-08-25,0.16728
2017-08-28,0.04871
2017-08-29,0.08428
2017-08-30,0.46151
2017-08-31,0.57211
2017-09-01,0.19825
2017-09-06,0.31288
2017-09-07,-0.01785
2017-09-08,-0.14888
2017-09-11,1.08392
2017-09-12,0.3364
2017-09-13,0.07571
2017-09-14,-0.11007
2017-09-15,0.18472
2017-09-18,0.14559
2017-09-19,0.11103
2017-09-20,0.06343
2017-09-21,-0.3046
2017-09-22,0.06478
2017-09-25,-0.2222
2017-09-26,0.00721
2017-09-27,0.40852
2017-09-28,0.12046
2017-09-29,0.37051
2017-10-02,0.3874
2017-10-03,0.21589
2017-10-04,0.12468
2017-10-05,0.56468
2017-10-06,-0.10736
2017-10-09,-0.18044
2017-10-10,0.23224
2017-10-11,0.18035
2017-10-12,-0.16867
2017-10-13,0.08781
2017-10-16,0.17508
2017-10-17,0.06725
2017-10-18,0.07424
2017-10-19,0.0328
2017-10-20,0.51169
2017-10-23,-0.39725
2017-10-24,0.16179
2017-10-25,-0.46631
2017-10-26,0.12709
2017-10-27,0.8073
2017-10-30,-0.31925
2017-10-31,0.09445
2017-11-01,0.15921
2017-11-02,0.019
2017-11-03,0.30971
2017-11-06,0.12713
2017-11-07,-0.01891
2017-11-08,0.14437
2017-11-09,-0.3762
2017-11-10,-0.08976
2017-11-13,0.09836
2017-11-14,-0.23096
2017-11-15,-0.55257
2017-11-16,0.81961
2017-11-17,-0.2626
2017-11-20,0.12758
2017-11-21,0.65411
2017-11-22,-0.07503
2017-11-27,-0.03843
2017-11-28,0.98485
2017-11-29,-0.03692
2017-11-30,0.81909
2017-12-01,-0.20245
2017-12-04,-0.10521
2017-12-05,-0.37394
2017-12-06,-0.01141
2017-12-07,0.29324
2017-12-08,0.55063
2017-12-11,0.3202
2017-12-12,0.15489
2017-12-13,-0.0473
2017-12-14,-0.40708
2017-12-15,0.89743
2017-12-18,0.53629
2017-12-19,-0.32303
2017-12-20,-0.08279
2017-12-21,0.19856
2017-12-22,-0.04582
2017-12-27,0.07909
2017-12-28,0.1834
2017-12-29,-0.51832
2018-01-03,0.63988
2018-01-04,0.40287
2018-01-05,0.70338
2018-01-08,0.16623
2018-01-09,0.13029
2018-01-10,-0.11122
2018-01-11,0.70336
2018-01-12,0.67496
2018-01-17,0.9415
2018-01-18,-0.16164
2018-01-19,0.43852
2018-01-22,0.80668
2018-01-23,0.21744
2018-01-24,-0.056
2018-01-25,0.06026
2018-01-26,1.18412
2018-01-29,-0.67319
2018-01-30,-1.08988
2018-01-31,0.04889
2018-02-01,-0.06481
2018-02-02,-2.12085
2018-02-05,-4.09792
2018-02-06,1.74409
2018-02-07,-0.50016
2018-02-08,-3.75365
2018-02-09,1.49361
2018-02-12,1.39146
2018-02-13,0.2613
2018-02-14,1.34025
2018-02-15,1.20691
2018-02-16,0.03735
2018-02-21,-0.54965
2018-02-22,0.09736
2018-02-23,1.60283
2018-02-26,1.1757
2018-02-27,-1.27069
2018-02-28,-1.10958
2018-03-01,-1.33243
2018-03-02,0.50716
2018-03-05,1.1032
2018-03-06,0.26388
2018-03-07,-0.04838
2018-03-08,0.44631
2018-03-09,1.73788
2018-03-12,-0.1274
2018-03-13,-0.63636
2018-03-14,-0.57245
2018-03-15,-0.0782
2018-03-16,0.17035
2018-03-19,-1.42042
2018-03-20,0.14818
2018-03-21,-0.1844
2018-03-22,-2.51629
2018-03-23,-2.09669
2018-03-26,2.71572
2018-03-27,-1.72763
2018-03-28,-0.29166
2018-03-29,1.37697
2018-04-03,1.26148
2018-04-04,1.15665
2018-04-05,0.68628
2018-04-06,-2.19202
2018-04-09,0.33366
2018-04-10,1.67269
2018-04-11,-0.55253
2018-04-12,0.82507
2018-04-13,-0.28866
2018-04-16,0.8109
2018-04-17,1.06616
2018-04-18,0.08314
2018-04-19,-0.57261
2018-04-20,-0.85365
2018-04-23,0.00562
2018-04-24,-1.33806
2018-04-25,0.18371
2018-04-26,1.04342
2018-04-27,0.11136
2018-04-30,-0.81875
2018-05-01,0.2549
2018-05-02,-0.72058
2018-05-03,-0.22537
2018-05-04,1.28112
2018-05-07,0.3458
2018-05-08,-0.02657
2018-05-09,0.96822
2018-05-10,0.93706
2018-05-11,0.17076
2018-05-14,0.08835
2018-05-15,-0.68422
2018-05-16,0.40606
2018-05-17,-0.08558
2018-05-18,-0.26322
2018-05-21,0.73867
2018-05-22,-0.31357
2018-05-23,0.32484
2018-05-24,-0.20232
2018-05-25,-0.23572
2018-05-30,1.26958
2018-05-31,-0.68796
2018-06-01,1.08492
2018-06-04,0.44796
2018-06-05,0.07026
2018-06-06,0.85674
2018-06-07,-0.07142
2018-06-08,0.31259
2018-06-11,0.10687
2018-06-12,0.17434
2018-06-13,-0.40261
2018-06-14,0.24715
2018-06-15,-0.10171
2018-06-18,-0.21262
2018-06-19,-0.40234
2018-06-20,0.17122
2018-06-21,-0.63455
2018-06-22,0.1862
2018-06-25,-1.37247
2018-06-26,0.22046
2018-06-27,-0.86043
2018-06-28,0.61786
2018-06-29,0.07584
2018-07-02,0.3068
2018-07-03,-0.49474
2018-07-06,0.84813
2018-07-09,0.8823
2018-07-10,0.34732
2018-07-11,-0.70942
2018-07-12,0.8749
2018-07-13,0.10792
2018-07-16,-0.10281
2018-07-17,0.39737
2018-07-18,0.21605
2018-07-19,-0.39529
2018-07-20,-0.09485
2018-07-23,0.18381
2018-07-24,0.47809
2018-07-25,0.91015
2018-07-26,-0.30323
2018-07-27,-0.65623
2018-07-30,-0.57542
2018-07-31,0.48847
2018-08-01,-0.10404
2018-08-02,0.49265
2018-08-03,0.46441
2018-08-06,0.35383
2018-08-07,0.28242
2018-08-08,-0.02624
2018-08-09,-0.14417
2018-08-10,-0.71139
2018-08-13,-0.4006
2018-08-14,0.63892
2018-08-15,-0.76022
2018-08-16,0.79195
2018-08-17,0.33231
2018-08-20,0.2428
2018-08-21,0.20686
2018-08-22,-0.03982
2018-08-23,-0.16912
2018-08-24,0.61989
2018-08-27,0.76704
2018-08-28,0.02693
2018-08-29,0.57014
2018-08-30,-0.44303
2018-08-31,0.01344
2018-09-05,-0.28032
2018-09-06,-0.36523
2018-09-07,-0.22133
2018-09-10,0.18978
2018-09-11,0.37398
2018-09-12,0.03567
2018-09-13,0.52823
2018-09-14,0.02755
2018-09-17,-0.55697
2018-09-18,0.5369
2018-09-19,0.12533
2018-09-20,0.78406
2018-09-21,-0.03685
2018-09-24,-0.35158
2018-09-25,-0.13051
2018-09-26,-0.32892
2018-09-27,0.27633
2018-09-28,-0.00069
2018-10-01,0.36411
2018-10-02,-0.03966
2018-10-03,0.07115
2018-10-04,-0.81695
2018-10-05,-0.5528
2018-10-08,-0.03951
2018-10-09,-0.1418
2018-10-10,-3.28642
2018-10-11,-2.05731
2018-10-12,1.42063
2018-10-15,-0.5905
2018-10-16,2.14956
2018-10-17,-0.02527
2018-10-18,-1.43919
2018-10-19,-0.03612
2018-10-22,-0.42995
2018-10-23,-0.55119
2018-10-24,-3.08645
2018-10-25,1.86251
2018-10-26,-1.73272
2018-10-29,-0.65596
2018-10-30,1.56668
2018-10-31,1.08513
2018-11-01,1.05578
2018-11-02,-0.63167
2018-11-05,0.56003
2018-11-06,0.62593
2018-11-07,2.12089
2018-11-08,-0.2509
2018-11-09,-0.9199
2018-11-12,-1.97015
2018-11-13,-0.14819
2018-11-14,-0.75675
2018-11-15,1.05938
2018-11-16,0.22233
2018-11-19,-1.66431
2018-11-20,-1.81512
2018-11-21,0.30433
2018-11-26,1.55324
2018-11-27,0.32617
2018-11-28,2.29739
2018-11-29,-0.21977
2018-11-30,0.81855
2018-12-03,1.09414
2018-12-04,-3.23649
2018-12-07,-2.33202
2018-12-10,0.17622
2018-12-11,-0.03564
2018-12-12,0.54195
2018-12-13,-0.01999
2018-12-14,-1.90867
2018-12-17,-2.07735
2018-12-18,0.00864
2018-12-19,-1.53957
2018-12-20,-1.57721
2018-12-21,-2.05883
2018-12-24,-2.71122
2018-12-27,0.85626
2018-12-28,-0.12415
2018-12-31,0.84924
2019-01-03,-2.47567
2019-01-04,3.43357
2019-01-07,0.70104
2019-01-08,0.96953
2019-01-09,0.4098
2019-01-10,0.45184
2019-01-11,-0.01463
2019-01-14,-0.52576
2019-01-15,1.07217
2019-01-16,0.2222
2019-01-17,0.75915
2019-01-18,1.31831
2019-01-23,0.22029
2019-01-24,0.13757
2019-01-25,0.84887
2019-01-28,-0.78469
2019-01-29,-0.14562
2019-01-30,1.55492
2019-01-31,0.85974
2019-02-01,0.08986
2019-02-04,0.67762
2019-02-05,0.47085
2019-02-06,-0.22245
2019-02-07,-0.93571
2019-02-08,0.06763
2019-02-11,0.0709
2019-02-12,1.28903
2019-02-13,0.3024
2019-02-14,-0.26516
2019-02-15,1.08787
2019-02-20,0.17771
2019-02-21,-0.35264
2019-02-22,0.64111
2019-02-25,0.12318
2019-02-26,-0.07904
2019-02-27,-0.0544
2019-02-28,-0.28255
2019-03-01,0.68953
2019-03-04,-0.38806
2019-03-05,-0.11315
2019-03-06,-0.65241
2019-03-07,-0.81257
2019-03-08,-0.21317
2019-03-11,1.4666
2019-03-12,0.29533
2019-03-13,0.69496
2019-03-14,-0.0868
2019-03-15,0.49849
2019-03-18,0.3706
2019-03-19,-0.01306
2019-03-20,-0.29443
2019-03-21,1.08525
2019-03-22,-1.89745
2019-03-25,-0.08391
2019-03-26,0.71828
2019-03-27,-0.46444
2019-03-28,0.35895
2019-03-29,0.67343
2019-04-01,1.15686
2019-04-02,0.00174
2019-04-03,0.21484
2019-04-04,0.20846
2019-04-05,0.46364
2019-04-08,0.10474
2019-04-09,-0.60675
2019-04-10,0.34779
2019-04-11,0.00381
2019-04-12,0.66094
2019-04-15,-0.06294
2019-04-16,0.05094
2019-04-17,-0.22738
2019-04-18,0.15791
2019-04-23,0.88412
2019-04-24,-0.21918
2019-04-25,-0.03689
2019-04-26,0.46853
2019-04-29,0.10715
2019-04-30,0.09514
2019-05-01,-0.75021
2019-05-02,-0.2124
2019-05-03,0.96383
2019-05-06,-0.4471
2019-05-07,-1.65117
2019-05-08,-0.16054
2019-05-09,-0.30214
2019-05-10,0.37203
2019-05-13,-2.41306
2019-05-14,0.8016
2019-05-15,0.5839
2019-05-16,0.88952
2019-05-17,-0.58373
2019-05-20,-0.67494
2019-05-21,0.84958
2019-05-22,-0.28244
2019-05-23,-1.19141
2019-05-24,0.13535
2019-05-29,-0.6912
2019-05-30,0.20984
2019-05-31,-1.31954
2019-06-03,-0.27652
2019-06-04,2.14323
2019-06-05,0.81619
2019-06-06,0.61356
2019-06-07,1.04977
2019-06-10,0.46601
2019-06-11,-0.03499
2019-06-12,-0.20376
2019-06-13,0.40974
2019-06-14,-0.16115
2019-06-17,0.09318
2019-06-18,0.97174
2019-06-19,0.29852
2019-06-20,0.94722
2019-06-21,-0.12592
2019-06-24,-0.17319
2019-06-25,-0.94963
2019-06-26,-0.1234
2019-06-27,0.38232
2019-06-28,0.57574
2019-07-01,0.76723
2019-07-02,0.29281
2019-07-03,0.76724
2019-07-08,-0.48355
2019-07-09,0.12366
2019-07-10,0.45106
2019-07-11,0.22853
2019-07-12,0.46201
2019-07-15,0.01759
2019-07-16,-0.34038
2019-07-17,-0.65312
2019-07-18,0.35819
2019-07-19,-0.61767
2019-07-22,0.28287
2019-07-23,0.68475
2019-07-24,0.46881
2019-07-25,-0.52624
2019-07-26,0.73876
2019-07-29,-0.16161
2019-07-30,-0.25786
2019-07-31,-1.08855
2019-08-01,-0.89989
2019-08-02,-0.72827
2019-08-05,-2.97778
2019-08-06,1.3017
2019-08-07,0.07669
2019-08-08,1.87623
2019-08-09,-0.66165
2019-08-12,-1.19576
2019-08-13,1.4762
2019-08-14,-2.92928
2019-08-15,0.24643
2019-08-16,1.44262
2019-08-19,1.21059
2019-08-20,-0.79148
2019-08-21,0.82468
2019-08-22,-0.05061
2019-08-23,-2.59464
2019-08-26,1.09831
2019-08-27,-0.32032
2019-08-28,0.65455
2019-08-29,1.26872
2019-08-30,0.06428
2019-09-04,1.08421
2019-09-05,1.30098
2019-09-06,0.09106
2019-09-09,-0.0094
2019-09-10,0.03223
2019-09-11,0.72297
2019-09-12,0.28791
2019-09-13,-0.07244
2019-09-16,-0.31356
2019-09-17,0.25818
2019-09-18,0.03427
2019-09-19,0.002
2019-09-20,-0.48956
2019-09-23,-0.00969
2019-09-24,-0.84164
2019-09-25,0.61586
2019-09-26,-0.24289
2019-09-27,-0.53163
2019-09-30,0.50476
2019-10-01,-1.22584
2019-10-02,-1.79032
2019-10-03,0.7972
2019-10-04,1.42169
2019-10-07,-0.44783
2019-10-08,-1.55608
2019-10-09,0.91045
2019-10-10,0.64157
2019-10-11,1.09389
2019-10-14,-0.13871
2019-10-15,0.99557
2019-10-16,-0.19995
2019-10-17,0.27628
2019-10-18,-0.39193
2019-10-21,0.68716
2019-10-22,-0.35687
2019-10-23,0.28471
2019-10-24,0.19204
2019-10-25,0.40727
2019-10-28,0.55814
2019-10-29,-0.08324
2019-10-30,0.32533
2019-10-31,-0.30229
2019-11-01,0.96624
2019-11-04,0.37041
2019-11-05,-0.11857
2019-11-06,0.07025
2019-11-07,0.27301
2019-11-08,0.25606
2019-11-11,-0.19624
2019-11-12,0.15646
2019-11-13,0.07116
2019-11-14,0.08371
2019-11-15,0.76955
2019-11-18,0.05031
2019-11-19,-0.05926
2019-11-20,-0.37562
2019-11-21,-0.15828
2019-11-22,0.21749
2019-11-25,0.75073
2019-11-26,0.21955
2019-11-27,0.41745
2019-12-02,-0.86311
2019-12-03,-0.6638
2019-12-04,0.63235
2019-12-05,0.15003
2019-12-06,0.91357
2019-12-09,-0.31628
2019-12-10,-0.1097
2019-12-11,0.29082
2019-12-12,0.85752
2019-12-13,0.00726
2019-12-16,0.71478
2019-12-17,0.03353
2019-12-18,-0.04323
2019-12-19,0.44592
2019-12-20,0.49448
2019-12-23,0.08661
2019-12-24,-0.01954
2019-12-27,0.0034
2019-12-30,-0.57808
2019-12-31,0.2946
2020-01-03,-0.70599
2020-01-06,0.35334
2020-01-07,-0.28032
2020-01-08,0.49024
2020-01-09,0.66553
2020-01-10,-0.28552
2020-01-13,0.69763
2020-01-14,-0.15145
2020-01-15,0.18702
2020-01-16,0.83665
2020-01-17,0.38621
2020-01-22,0.02891
2020-01-23,0.1141
2020-01-24,-0.90421
2020-01-27,-1.57307
2020-01-28,1.00536
2020-01-29,-0.08668
2020-01-30,0.31344
2020-01-31,-1.77059
2020-02-03,0.72546
2020-02-04,1.49804
2020-02-05,1.12506
2020-02-06,0.33256
2020-02-07,-0.54008
2020-02-10,0.73264
2020-02-11,0.16885
2020-02-12,0.64627
2020-02-13,-0.16304
2020-02-14,0.18435
2020-02-19,0.47058
2020-02-20,-0.38155
2020-02-21,-1.05181
2020-02-24,-3.35136
2020-02-25,-3.028
2020-02-26,-0.37785
2020-02-27,-4.41633
2020-02-28,-0.82383
2020-03-02,4.60392
2020-03-03,-2.81079
2020-03-04,4.22026
2020-03-05,-3.3922
2020-03-06,-1.70539
2020-03-09,-7.59697
2020-03-10,4.93963
2020-03-11,-4.88684
2020-03-12,-9.51127
2020-03-13,9.28712
2020-03-16,-11.98405
2020-03-17,5.99548
2020-03-18,-5.18308
2020-03-19,0.47079
2020-03-20,-4.33595
2020-03-23,-2.92939
2020-03-24,9.38277
2020-03-25,1.1535
2020-03-26,6.24142
2020-03-27,-3.36873
2020-03-30,3.3516
2020-03-31,-1.60128
2020-04-01,-4.41424
2020-04-02,2.28294
2020-04-03,-1.51371
2020-04-06,7.03313
2020-04-07,-0.1603
2020-04-08,3.40564
2020-04-09,1.44874
2020-04-14,3.05725
2020-04-15,-2.20305
2020-04-16,0.58167
2020-04-17,2.67936
2020-04-20,-1.7881
2020-04-21,-3.06748
2020-04-22,2.29302
2020-04-23,-0.05394
2020-04-24,1.39181
2020-04-27,1.47141
2020-04-28,-0.52424
2020-04-29,2.65839
2020-04-30,-0.92124
2020-05-01,-2.8059
2020-05-04,0.42498
2020-05-05,0.90406
2020-05-06,-0.69794
2020-05-07,1.15046
2020-05-08,1.68715
2020-05-11,0.01775
2020-05-12,-2.05438
2020-05-13,-1.74627
2020-05-14,1.15248
2020-05-15,0.39264
2020-05-18,3.15012
2020-05-19,-1.04844
2020-05-20,1.6651
2020-05-21,-0.77736
2020-05-22,0.23537
2020-05-27,1.48273
2020-05-28,-0.21079
2020-05-29,0.48123
2020-06-01,0.37513
2020-06-02,0.82108
2020-06-03,1.3649
2020-06-04,-0.33687
2020-06-05,2.62117
2020-06-08,1.20416
2020-06-09,-0.77992
2020-06-10,-0.53131
2020-06-11,-5.89441
2020-06-12,1.30609
2020-06-15,0.83122
2020-06-16,1.89624
2020-06-17,-0.36003
2020-06-18,0.05942
2020-06-19,-0.56495
2020-06-22,0.64951
2020-06-23,0.43074
2020-06-24,-2.58552
2020-06-25,1.09595
2020-06-26,-2.42269
2020-06-29,1.46857
2020-06-30,1.54099
2020-07-01,0.50221
2020-07-02,0.45413
2020-07-07,-1.08186
2020-07-08,0.78275
2020-07-09,-0.56436
2020-07-10,1.04662
2020-07-13,-0.93625
2020-07-14,1.34064
2020-07-15,0.9082
2020-07-16,-0.34061
2020-07-17,0.28486
2020-07-20,0.84069
2020-07-21,0.1679
2020-07-22,0.57471
2020-07-23,-1.23198
2020-07-24,-0.61904
2020-07-27,0.73951
2020-07-28,-0.64734
2020-07-29,1.24284
2020-07-30,-0.37503
2020-07-31,0.76705
2020-08-03,0.7181
2020-08-04,0.3612
2020-08-05,0.64297
2020-08-06,0.64277
2020-08-07,0.0633
2020-08-10,0.27422
2020-08-11,-0.79691
2020-08-12,1.39965
2020-08-13,-0.20471
2020-08-14,-0.01719
2020-08-17,0.27099
2020-08-18,0.23034
2020-08-19,-0.44044
2020-08-20,0.31587
2020-08-21,0.34411
2020-08-24,1.00437
2020-08-25,0.35963
2020-08-26,1.01957
2020-08-27,0.1673
2020-08-28,0.67326
2020-08-31,-0.2195
2020-09-01,0.7525
2020-09-02,1.53659
2020-09-03,-3.51258
2020-09-04,-0.8133
2020-09-09,2.0145
2020-09-10,-1.75848
2020-09-11,0.05331
2020-09-14,1.27418
2020-09-15,0.52194
2020-09-16,-0.4619
2020-09-17,-0.84124
2020-09-18,-1.11826
2020-09-21,-1.15711
2020-09-22,1.05179
2020-09-23,-2.37214
2020-09-24,0.29874
2020-09-25,1.59768
2020-09-28,1.61105
2020-09-29,-0.48126
2020-09-30,0.82537
2020-10-01,0.52929
2020-10-02,-0.95717
2020-10-05,1.79755
2020-10-06,-1.3988
2020-10-07,1.74058
2020-10-08,0.80071
2020-10-09,0.87907
2020-10-12,1.64187
2020-10-13,-0.63069
2020-10-14,-0.66231
2020-10-15,-0.15278
2020-10-16,0.01349
2020-10-19,-1.63298
2020-10-20,0.47273
2020-10-21,-0.21957
2020-10-22,0.52189
2020-10-23,0.34458
2020-10-26,-1.85895
2020-10-27,-0.30256
2020-10-28,-3.52879
2020-10-29,1.19473
2020-10-30,-1.21295
2020-11-02,1.23182
2020-11-03,1.77993
2020-11-04,2.2047
2020-11-05,1.94602
2020-11-06,-0.02877
2020-11-09,1.16999
2020-11-10,-0.13998
2020-11-11,0.76519
2020-11-12,-0.99786
2020-11-13,1.36104
2020-11-16,1.1648
2020-11-17,-0.4792
2020-11-18,-1.15638
2020-11-19,0.39464
2020-11-20,-0.67925
2020-11-23,0.56359
2020-11-24,1.61617
2020-11-25,-0.15844
2020-11-30,-0.45955
2020-12-01,1.12712
2020-12-02,0.17912
2020-12-03,-0.06241
2020-12-04,0.88362
2020-12-07,-0.19356
2020-12-08,0.27871
2020-12-09,-0.79492
2020-12-10,-0.12851
2020-12-11,-0.1265
2020-12-14,-0.43593
2020-12-15,1.29212
2020-12-16,0.17728
2020-12-17,0.57576
2020-12-18,-0.35111
2020-12-21,-0.39063
2020-12-22,-0.20731
2020-12-23,0.07458
2020-12-24,0.35366
2020-12-29,-0.22274
2020-12-30,0.13415
2020-12-31,0.64388
2021-01-05,0.70825
2021-01-06,0.57099
2021-01-07,1.48474
2021-01-08,0.54919
2021-01-11,-0.65548
2021-01-12,0.04158
2021-01-13,0.22756
2021-01-14,-0.37534
2021-01-15,-0.719
2021-01-20,1.39356
2021-01-21,0.03167
2021-01-22,-0.30106
2021-01-25,0.36158
2021-01-26,-0.14888
2021-01-27,-2.56779
2021-01-28,0.97607
2021-01-29,-1.93115
2021-02-01,1.60517
2021-02-02,1.38982
2021-02-03,0.10088
2021-02-04,1.08533
2021-02-05,0.38975
2021-02-08,0.73993
2021-02-09,-0.11135
2021-02-10,-0.03452
2021-02-11,0.16625
2021-02-12,0.4711
2021-02-17,-0.03204
2021-02-18,-0.44158
2021-02-19,-0.18549
2021-02-22,-0.77328
2021-02-23,0.12563
2021-02-24,1.13517
2021-02-25,-2.44788
2021-02-26,-0.47502
2021-03-01,2.37907
2021-03-02,-0.80808
2021-03-03,-1.30662
2021-03-04,-1.34172
2021-03-05,1.9496
2021-03-08,-0.53593
2021-03-09,1.41547
2021-03-10,0.60303
2021-03-11,1.03955
2021-03-12,0.10154
2021-03-15,0.6492
2021-03-16,-0.15697
2021-03-17,0.28793
2021-03-18,-1.47605
2021-03-19,-0.06027
2021-03-22,0.70251
2021-03-23,-0.76308
2021-03-24,-0.54673
2021-03-25,0.52402
2021-03-26,1.66312
2021-03-29,-0.0868
2021-03-30,-0.31578
2021-03-31,0.36225
2021-04-01,1.18251
2021-04-06,-0.09735
2021-04-07,0.14752
2021-04-08,0.42206
2021-04-09,0.772
2021-04-12,-0.01962
2021-04-13,0.32946
2021-04-14,-0.40878
2021-04-15,1.10942
2021-04-16,0.36087
2021-04-19,-0.53065
2021-04-20,-0.68024
2021-04-21,0.93061
2021-04-22,-0.92107
2021-04-23,1.09287
2021-04-26,0.17822
2021-04-27,-0.02149
2021-04-28,-0.08455
2021-04-29,0.67628
2021-04-30,-0.71946
2021-05-03,0.2748
2021-05-04,-0.66783
2021-05-05,0.07035
2021-05-06,0.81654
2021-05-07,0.73733
2021-05-10,-1.04357
2021-05-11,-0.86739
2021-05-12,-2.14494
2021-05-13,1.21732
2021-05-14,1.49179
2021-05-17,-0.253
2021-05-18,-0.85173
2021-05-19,-0.29434
2021-05-20,1.05548
2021-05-21,-0.07838
2021-05-24,0.99113
2021-05-25,-0.21253
2021-05-26,0.18767
2021-05-27,0.11654
2021-05-28,0.07689
2021-06-02,0.14469
2021-06-03,-0.36287
2021-06-04,0.88341
2021-06-07,-0.07967
2021-06-08,0.01751
2021-06-09,-0.18239
2021-06-10,0.46522
2021-06-11,0.19485
2021-06-14,0.18152
2021-06-15,-0.20117
2021-06-16,-0.53902
2021-06-17,-0.04356
2021-06-18,-1.31245
2021-06-21,1.40023
2021-06-22,0.51245
2021-06-23,-0.10833
2021-06-24,0.58112
2021-06-25,0.33306
2021-06-28,0.2315
2021-06-29,0.02773
2021-06-30,0.13281
2021-07-01,0.52216
2021-07-02,0.75001
2021-07-07,0.3359
2021-07-08,-0.8561
2021-07-09,1.1278
2021-07-12,0.34512
2021-07-13,-0.35168
2021-07-14,0.1165
2021-07-15,-0.32622
2021-07-16,-0.75389
2021-07-19,-1.58695
2021-07-20,1.51627
2021-07-21,0.82418
2021-07-22,0.20167
2021-07-23,1.01454
2021-07-26,0.23823
2021-07-27,-0.47125
2021-07-28,-0.01863
2021-07-29,0.42062
2021-07-30,-0.5406
2021-08-02,-0.18429
2021-08-03,0.82035
2021-08-04,-0.46324
2021-08-05,0.60055
2021-08-06,0.16753
2021-08-09,-0.09399
2021-08-10,0.09927
2021-08-11,0.2468
2021-08-12,0.29521
2021-08-13,0.16073
2021-08-16,0.26209
2021-08-17,-0.70607
2021-08-18,-1.07485
2021-08-19,0.12567
2021-08-20,0.81415
2021-08-23,0.85238
2021-08-24,0.14957
2021-08-25,0.22201
2021-08-26,-0.58249
2021-08-27,0.88076
2021-08-30,0.43066
2021-08-31,-0.13491
2021-09-01,0.03118
2021-09-02,0.28426
2021-09-03,-0.0335
2021-09-08,-0.13186
2021-09-09,-0.46056
2021-09-10,-0.77226
2021-09-13,0.22765
2021-09-14,-0.57466
2021-09-15,0.84739
2021-09-16,-0.15511
2021-09-17,-0.91109
2021-09-20,-1.69773
2021-09-21,-0.08123
2021-09-22,0.95196
2021-09-23,1.21348
2021-09-24,0.1461
2021-09-27,-0.27764
2021-09-28,-2.03641
2021-09-29,0.15692
2021-09-30,-1.19097
2021-10-01,1.14915
2021-10-04,-1.29859
2021-10-05,1.05245
2021-10-06,0.41029
2021-10-07,0.82983
2021-10-08,-0.19137
2021-10-11,-0.68658
2021-10-12,-0.24168
2021-10-13,0.30225
2021-10-14,1.70631
2021-10-15,0.74601
2021-10-18,0.33748
2021-10-19,0.73934
2021-10-20,0.3664
2021-10-21,0.29959
2021-10-22,-0.10726
2021-10-25,0.47482
2021-10-26,0.18198
2021-10-27,-0.50516
2021-10-28,0.98293
2021-10-29,0.19493
2021-11-01,0.18001
2021-11-02,0.36804
2021-11-03,0.64613
2021-11-04,0.41819
2021-11-05,0.37329
2021-11-08,0.08877
2021-11-09,-0.34987
2021-11-10,-0.82258
2021-11-11,0.05509
2021-11-12,0.72226
2021-11-15,-0.00107
2021-11-16,0.38652
2021-11-17,-0.26016
2021-11-18,0.33848
2021-11-19,-0.13986
2021-11-22,-0.31971
2021-11-23,0.16571
2021-11-24,0.22939
2021-11-29,1.32002
2021-11-30,-1.89613
2021-12-01,-1.18152
2021-12-02,1.41944
2021-12-03,-0.84486
2021-12-06,1.17309
2021-12-07,2.07071
2021-12-08,0.30853
2021-12-09,-0.71811
2021-12-10,0.95491
2021-12-13,-0.91362
2021-12-14,-0.74706
2021-12-15,1.63484
2021-12-16,-0.87434
2021-12-17,-1.02877
2021-12-20,-1.1388
2021-12-21,1.77779
2021-12-22,1.01802
2021-12-23,0.62237
2021-12-28,-0.10102
2021-12-29,0.14019
2021-12-30,-0.29897
2021-12-31,-0.26262
2022-01-03,0.63741
2022-01-04,-0.06296
2022-01-05,-1.93928
2022-01-06,-0.09637
2022-01-07,-0.40502
2022-01-10,-0.14411
2022-01-11,0.916
2022-01-12,0.28177
2022-01-13,-1.42435
2022-01-14,0.08199
2022-01-19,-0.96895
2022-01-20,-1.10374
2022-01-21,-1.89148
2022-01-24,0.27718
2022-01-25,-1.2172
2022-01-26,-0.14966
2022-01-27,-0.5384
2022-01-28,2.43476
2022-01-31,1.8886
2022-02-01,0.6863
2022-02-02,0.94225
2022-02-03,-2.43911
2022-02-04,0.5157
2022-02-07,-0.37018
2022-02-08,0.84012
2022-02-09,1.45172
2022-02-10,-1.81157
2022-02-11,-1.89695
2022-02-14,-0.38405
2022-02-15,1.57667
2022-02-16,0.08812
2022-02-17,-2.11731
2022-02-18,-0.71662
2022-02-23,-1.84122
2022-02-24,1.49568
2022-02-25,2.23727
2022-02-28,-0.24426
2022-03-01,-1.54735
2022-03-02,1.86426
2022-03-03,-0.52547
2022-03-04,-0.7934
2022-03-07,-2.95181
2022-03-08,-0.72338
2022-03-09,2.56983
2022-03-10,-0.42918
2022-03-11,-1.29616
2022-03-14,-0.7421
2022-03-15,2.14085
2022-03-16,2.23838
2022-03-17,1.23478
2022-03-18,1.16623
2022-03-21,-0.04347
2022-03-22,1.13042
2022-03-23,-1.22728
2022-03-24,1.43439
2022-03-25,0.50662
2022-03-28,0.7145
2022-03-29,1.22565
2022-03-30,-0.62937
2022-03-31,-1.56525
2022-04-01,0.34103
2022-04-04,0.80909
2022-04-05,-1.25517
2022-04-06,-0.97169
2022-04-07,0.42534
2022-04-08,-0.2651
2022-04-11,-1.68773
2022-04-12,-0.34175
2022-04-13,1.11747
2022-04-14,-1.21441
2022-04-19,1.60576
2022-04-20,-0.06185
2022-04-21,-1.47529
2022-04-22,-2.774
2022-04-25,0.56979
2022-04-26,-2.81463
2022-04-27,0.20981
2022-04-28,2.47469
2022-04-29,-3.62845
2022-05-02,0.56753
2022-05-03,0.48371
2022-05-04,2.98624
2022-05-05,-3.56498
2022-05-06,-0.56742
2022-05-09,-3.20371
2022-05-10,0.24579
2022-05-11,-1.64632
2022-05-12,-0.1296
2022-05-13,2.38697
2022-05-16,-0.39464
2022-05-17,2.01696
2022-05-18,-4.03952
2022-05-19,-0.58338
2022-05-20,0.01461
2022-05-23,1.85551
2022-05-24,-0.81208
2022-05-25,0.94508
2022-05-26,1.98832
2022-05-27,2.47422
2022-06-01,-0.74828
2022-06-02,1.84311
2022-06-03,-1.63474
2022-06-06,0.31374
2022-06-07,0.95234
2022-06-08,-1.07939
2022-06-09,-2.37987
2022-06-10,-2.91103
2022-06-13,-3.87684
2022-06-14,-0.37737
2022-06-15,1.45925
2022-06-16,-3.2512
2022-06-17,0.22008
2022-06-22,-0.13015
2022-06-23,0.95322
2022-06-24,3.05633
2022-06-27,-0.29731
2022-06-28,-2.0143
2022-06-29,-0.07118
2022-06-30,-0.87592
2022-07-01,1.05538
2022-07-06,0.35731
2022-07-07,1.49646
2022-07-08,-0.08302
2022-07-11,-1.15275
2022-07-12,-0.92439
2022-07-13,-0.44569
2022-07-14,-0.29986
2022-07-15,1.92012
2022-07-18,-0.83636
2022-07-19,2.76283
2022-07-20,0.58958
2022-07-21,0.98614
2022-07-22,-0.93324
2022-07-25,0.13151
2022-07-26,-1.15432
2022-07-27,2.61563
2022-07-28,1.21334
2022-07-29,1.42077
2022-08-01,-0.2823
2022-08-02,-0.66624
2022-08-03,1.56385
2022-08-04,-0.07773
2022-08-05,-0.16257
2022-08-08,-0.12376
2022-08-09,-0.42487
2022-08-10,2.12906
2022-08-11,-0.07054
2022-08-12,1.73224
2022-08-15,0.39695
2022-08-16,0.18757
2022-08-17,-0.72378
2022-08-18,0.22695
2022-08-19,-1.28999
2022-08-22,-2.14001
2022-08-23,-0.22378
2022-08-24,0.29162
2022-08-25,1.40916
2022-08-26,-3.3688
2022-08-29,-0.66664
2022-08-30,-1.10281
2022-08-31,-0.7817
2022-09-01,0.29962
2022-09-02,-1.07365
2022-09-07,1.8341
2022-09-08,0.66108
2022-09-09,1.52714
2022-09-12,1.05843
2022-09-13,-4.32366
2022-09-14,0.3387
2022-09-15,-1.13178
2022-09-16,-0.71821
2022-09-19,0.68571
2022-09-20,-1.12721
2022-09-21,-1.71165
2022-09-22,-0.84276
2022-09-23,-1.72326
2022-09-26,-1.03405
2022-09-27,-0.21204
2022-09-28,1.96721
2022-09-29,-2.11264
2022-09-30,-1.50667
2022-10-03,2.58839
2022-10-04,3.05837
2022-10-05,-0.2018
2022-10-06,-1.02451
2022-10-07,-2.80036
2022-10-10,-0.74925
2022-10-11,-0.65192
2022-10-12,-0.32908
2022-10-13,2.59657
2022-10-14,-2.36627
2022-10-17,2.64801
2022-10-18,1.14276
2022-10-19,-0.66721
2022-10-20,-0.79509
2022-10-21,2.37248
2022-10-24,1.1882
2022-10-25,1.62666
2022-10-26,-0.73877
2022-10-27,-0.60826
2022-10-28,2.46264
2022-10-31,-0.74544
2022-11-01,-0.41013
2022-11-02,-2.50019
2022-11-03,-1.0586
2022-11-04,1.36187
2022-11-07,0.9614
2022-11-08,0.55979
2022-11-09,-2.07779
2022-11-10,5.54345
2022-11-11,0.92408
2022-11-14,-0.89358
2022-11-15,0.87131
2022-11-16,-0.82521
2022-11-17,-0.30893
2022-11-18,0.47586
2022-11-21,-0.38837
2022-11-22,1.358
2022-11-23,0.59147
2022-11-28,-1.54441
2022-11-29,-0.15919
2022-11-30,3.09478
2022-12-01,-0.08676
2022-12-02,-0.11946
2022-12-05,-1.78942
2022-12-06,-1.43992
2022-12-07,-0.18623
2022-12-08,0.75218
2022-12-09,-0.73495
2022-12-12,1.42793
2022-12-13,0.72897
2022-12-14,-0.60528
2022-12-15,-2.49217
2022-12-16,-1.11378
2022-12-19,-0.90075
2022-12-20,0.10373
2022-12-21,1.4868
2022-12-22,-1.44517
2022-12-23,0.58681
2022-12-28,-1.20206
2022-12-29,1.74613
2022-12-30,-0.25407
2023-01-04,0.75389
2023-01-05,-1.16456
2023-01-06,2.28408
2023-01-09,-0.07676
2023-01-10,0.69783
2023-01-11,1.28494
2023-01-12,0.3416
2023-01-13,0.39968
2023-01-18,-1.55626
2023-01-19,-0.76383
2023-01-20,1.89184
2023-01-23,1.18814
2023-01-24,-0.07115
2023-01-25,-0.01817
2023-01-26,1.10079
2023-01-27,0.24948
2023-01-30,-1.29687
2023-01-31,1.46425
2023-02-01,1.04523
2023-02-02,1.46994
2023-02-03,-1.03547
2023-02-06,-0.61405
2023-02-07,1.28725
2023-02-08,-1.10807
2023-02-09,-0.88298
2023-02-10,0.21953
2023-02-13,1.14486
2023-02-14,-0.02804
2023-02-15,0.27731
2023-02-16,-1.37887
2023-02-17,-0.27674
2023-02-22,-0.15735
2023-02-23,0.53294
2023-02-24,-1.05375
2023-02-27,0.3073
2023-02-28,-0.3036
2023-03-01,-0.47253
2023-03-02,0.75821
2023-03-03,1.61478
2023-03-06,0.06872
2023-03-07,-1.5327
2023-03-08,0.14148
2023-03-09,-1.84594
2023-03-10,-1.44781
2023-03-13,-0.15097
2023-03-14,1.64766
2023-03-15,-0.69809
2023-03-16,1.7562
2023-03-17,-1.10194
2023-03-20,0.89184
2023-03-21,1.29822
2023-03-22,-1.64632
2023-03-23,0.29845
2023-03-24,0.56398
2023-03-27,0.16469
2023-03-28,-0.15738
2023-03-29,1.42373
2023-03-30,0.57153
2023-03-31,1.44365
2023-04-03,0.36989
2023-04-04,-0.57971
2023-04-05,-0.24923
2023-04-06,0.35791
2023-04-11,-0.00414
2023-04-12,-0.41349
2023-04-13,1.32626
2023-04-14,-0.20694
2023-04-17,0.33062
2023-04-18,0.08551
2023-04-19,-0.00842
2023-04-20,-0.59526
2023-04-21,0.09032
2023-04-24,0.08516
2023-04-25,-1.58108
2023-04-26,-0.38412
2023-04-27,1.95661
2023-04-28,0.82532
2023-05-01,-0.03861
2023-05-02,-1.15863
2023-05-03,-0.69983
2023-05-04,-0.72187
2023-05-05,1.84747
2023-05-08,0.04521
2023-05-09,-0.45794
2023-05-10,0.44839
2023-05-11,-0.16966
2023-05-12,-0.15833
2023-05-15,0.29582
2023-05-16,-0.63777
2023-05-17,1.18908
2023-05-18,0.94451
2023-05-19,-0.14459
2023-05-22,0.01551
2023-05-23,-1.12221
2023-05-24,-0.73186
2023-05-25,0.87577
2023-05-26,1.3049
2023-05-31,-0.61086
2023-06-01,0.98545
2023-06-02,1.45344
2023-06-05,-0.20036
2023-06-06,0.23539
2023-06-07,-0.3812
2023-06-08,0.61886
2023-06-09,0.11481
2023-06-12,0.93211
2023-06-13,0.69326
2023-06-14,0.08194
2023-06-15,1.21781
2023-06-16,-0.36716
2023-06-21,-0.52453
2023-06-22,0.37108
2023-06-23,-0.76588
2023-06-26,-0.44868
2023-06-27,1.14558
2023-06-28,-0.0354
2023-06-29,0.44735
2023-06-30,1.2269
2023-07-03,0.11707
2023-07-06,-0.79225
2023-07-07,-0.28652
2023-07-10,0.24051
2023-07-11,0.67422
2023-07-12,0.74111
2023-07-13,0.84702
2023-07-14,-0.10244
2023-07-17,0.38554
2023-07-18,0.71173
2023-07-19,0.23579
2023-07-20,-0.67569
2023-07-21,0.03242
2023-07-24,0.40341
2023-07-25,0.28147
2023-07-26,-0.01554
2023-07-27,-0.64247
2023-07-28,0.98779
2023-07-31,0.14687
2023-08-01,-0.26651
2023-08-02,-1.38396
2023-08-03,-0.2548
2023-08-04,-0.53
2023-08-07,0.90241
2023-08-08,-0.42183
2023-08-09,-0.70387
2023-08-10,0.02507
2023-08-11,-0.10696
2023-08-14,0.57504
2023-08-15,-1.15508
2023-08-16,-0.75554
2023-08-17,-0.77129
2023-08-18,-0.01487
2023-08-21,0.68792
2023-08-22,-0.27774
2023-08-23,1.10449
2023-08-24,-1.3458
2023-08-25,0.6718
2023-08-28,0.62646
2023-08-29,1.45083
2023-08-30,0.38331
2023-08-31,-0.15969
2023-09-01,0.17992
2023-09-06,-0.69716
2023-09-07,-0.32113
2023-09-08,0.14266
2023-09-11,0.67235
2023-09-12,-0.56959
2023-09-13,0.12416
2023-09-14,0.84299
2023-09-15,-1.21596
2023-09-18,0.07213
2023-09-19,-0.21511
2023-09-20,-0.93948
2023-09-21,-1.64009
2023-09-22,-0.22956
2023-09-25,0.40231
2023-09-26,-1.47345
2023-09-27,0.02293
2023-09-28,0.58931
2023-09-29,-0.27095
2023-10-02,0.00793
2023-10-03,-1.37441
2023-10-04,0.81098
2023-10-05,-0.1304
2023-10-06,1.18149
2023-10-09,0.63038
2023-10-10,0.5208
2023-10-11,0.4293
2023-10-12,-0.62464
2023-10-13,-0.50188
2023-10-16,1.05943
2023-10-17,-0.00983
2023-10-18,-1.33998
2023-10-19,-0.84828
2023-10-20,-1.25853
2023-10-23,-0.16855
2023-10-24,0.72658
2023-10-25,-1.43396
2023-10-26,-1.18325
2023-10-27,-0.48003
2023-10-30,1.20101
2023-10-31,0.6475
2023-11-01,1.0506
2023-11-02,1.88586
2023-11-03,0.93937
2023-11-06,0.1753
2023-11-07,0.28401
2023-11-08,0.10049
2023-11-09,-0.80839
2023-11-10,1.56164
2023-11-13,-0.08357
2023-11-14,1.90749
2023-11-15,0.15971
2023-11-16,0.11903
2023-11-17,0.12821
2023-11-20,0.73903
2023-11-21,-0.20209
2023-11-22,0.40611
2023-11-27,-0.19542
2023-11-28,0.09801
2023-11-29,-0.09462
2023-11-30,0.37841
2023-12-01,0.58737
2023-12-04,-0.54085
2023-12-05,-0.0569
2023-12-06,-0.39061
2023-12-07,0.79682
2023-12-08,0.40954
2023-12-11,0.39245
2023-12-12,0.45993
2023-12-13,1.36508
2023-12-14,0.26471
2023-12-15,-0.00763
2023-12-18,0.45283
2023-12-19,0.58664
2023-12-20,-1.46843
2023-12-21,1.03015
2023-12-22,0.16601
2023-12-27,0.14304
2023-12-28,0.03702
2023-12-29,-0.28265
2024-01-03,-0.80163
2024-01-04,-0.34284
2024-01-05,0.18257
2024-01-08,1.41147
2024-01-09,-0.14779
2024-01-10,0.56659
2024-01-11,-0.06711
2024-01-12,0.0751
2024-01-17,-0.56169
2024-01-18,0.88053
2024-01-19,1.23135
2024-01-22,0.21943
2024-01-23,0.29214
2024-01-24,0.0812
2024-01-25,0.52603
2024-01-26,-0.06518
2024-01-29,0.75568
2024-01-30,-0.06007
2024-01-31,-1.61057
2024-02-01,1.24937
2024-02-02,1.06845
2024-02-05,-0.31864
2024-02-06,0.23104
2024-02-07,0.82414
2024-02-08,0.05706
2024-02-09,0.57424
2024-02-12,-0.09489
2024-02-13,-1.36743
2024-02-14,0.95797
2024-02-15,0.58213
2024-02-16,-0.48034
2024-02-21,0.12642
2024-02-22,2.11229
2024-02-23,0.03479
2024-02-26,-0.37867
2024-02-27,0.17063
2024-02-28,-0.16581
2024-02-29,0.5229
2024-03-01,0.80078
2024-03-04,-0.11933
2024-03-05,-1.0193
2024-03-06,0.51411
2024-03-07,1.03041
2024-03-08,-0.65285
2024-03-11,-0.11222
2024-03-12,1.12018
2024-03-13,-0.19245
2024-03-14,-0.28711
2024-03-15,-0.64829
2024-03-18,0.6318
2024-03-19,0.56492
2024-03-20,0.89041
2024-03-21,0.32366
2024-03-22,-0.14023
2024-03-25,-0.30549
2024-03-26,-0.27998
2024-03-27,0.86306
2024-03-28,0.11165
2024-04-02,-0.72391
2024-04-03,0.10911
2024-04-04,-1.23343
2024-04-05,1.10992
2024-04-08,-0.03747
2024-04-09,0.14455
2024-04-10,-0.9457
2024-04-11,0.74448
2024-04-12,-1.45507
2024-04-15,-1.20213
2024-04-16,-0.20566
2024-04-17,-0.57806
2024-04-18,-0.22082
2024-04-19,-0.87585
2024-04-22,0.87312
2024-04-23,1.19646
2024-04-24,0.0213
2024-04-25,-0.45764
2024-04-26,1.02091
2024-04-29,0.31785
2024-04-30,-1.57305
2024-05-01,-0.34355
2024-05-02,0.91284
2024-05-03,1.25568
2024-05-06,1.03261
2024-05-07,0.13434
2024-05-08,-0.00058
2024-05-09,0.50909
2024-05-10,0.16494
2024-05-13,-0.02413
2024-05-14,0.48378
2024-05-15,1.1716
2024-05-16,-0.20817
2024-05-17,0.11648
2024-05-20,0.09164
2024-05-21,0.25018
2024-05-22,-0.2706
2024-05-23,-0.73808
2024-05-24,0.7001
2024-05-29,-0.73671
2024-05-30,-0.5975
2024-05-31,0.80279
2024-06-03,0.11161
2024-06-04,0.15028
2024-06-05,1.18477
2024-06-06,-0.01998
2024-06-07,-0.11153
2024-06-10,0.25809
2024-06-11,0.27104
2024-06-12,0.85037
2024-06-13,0.23446
2024-06-14,-0.03938
2024-06-17,0.76644
2024-06-18,0.25214
2024-06-21,-0.15622
2024-06-24,-0.30652
2024-06-25,0.39336
2024-06-26,0.15724
2024-06-27,0.09073
2024-06-28,-0.40836
2024-07-01,0.26756
2024-07-02,0.61953
2024-07-03,0.50844
2024-07-08,0.10167
2024-07-09,0.07411
2024-07-10,1.0208
2024-07-11,-0.8763
2024-07-12,0.5517
2024-07-15,0.28262
2024-07-16,0.63894
2024-07-17,-1.39275
2024-07-18,-0.78164
2024-07-19,-0.71403
2024-07-22,1.0792
2024-07-23,-0.15581
2024-07-24,-2.3149
2024-07-25,-0.51427
2024-07-26,1.10905
2024-07-29,0.08133
2024-07-30,-0.49602
2024-07-31,1.57934
2024-08-01,-1.36936
2024-08-02,-1.83818
2024-08-05,-2.99688
2024-08-06,1.03541
2024-08-07,-0.77347
2024-08-08,2.30426
2024-08-09,0.46717
2024-08-12,0.0043
2024-08-13,1.68476
2024-08-14,0.38238
2024-08-15,1.61332
2024-08-16,0.19898
2024-08-19,0.97223
2024-08-20,-0.19846
2024-08-21,0.42397
2024-08-22,-0.89328
2024-08-23,1.14834
2024-08-26,-0.31537
2024-08-27,0.15952
2024-08-28,-0.5976
2024-08-29,-0.00393
2024-08-30,1.00931
2024-09-04,-0.16025
2024-09-05,-0.30181
2024-09-06,-1.72602
2024-09-09,1.15801
2024-09-10,0.44726
2024-09-11,1.06651
2024-09-12,0.74953
2024-09-13,0.54077
2024-09-16,0.12567
2024-09-17,0.02645
2024-09-18,-0.28964
2024-09-19,1.69768
2024-09-20,-0.1941
2024-09-23,0.28093
2024-09-24,0.25111
2024-09-25,-0.18612
2024-09-26,0.40386
2024-09-27,-0.12532
2024-09-30,0.42365
2024-10-01,-0.93241
2024-10-02,0.01384
2024-10-03,-0.16814
2024-10-04,0.89703
2024-10-07,-0.9586
2024-10-08,0.96894
2024-10-09,0.71134
2024-10-10,-0.20701
2024-10-11,0.60519
2024-10-14,0.77076
2024-10-15,-0.76094
2024-10-16,0.46791
2024-10-17,-0.01712
2024-10-18,0.39716
2024-10-21,-0.18228
2024-10-22,-0.04749
2024-10-23,-0.91913
2024-10-24,0.21458
2024-10-25,-0.02995
2024-10-28,0.26515
2024-10-29,0.16141
2024-10-30,-0.33002
2024-10-31,-1.86147
2024-11-01,0.40926
2024-11-04,-0.28121
2024-11-05,1.22657
2024-11-06,2.52959
2024-11-07,0.74312
2024-11-08,0.37568
2024-11-11,0.09691
2024-11-12,-0.28927
2024-11-13,0.02323
2024-11-14,-0.60497
2024-11-15,-1.32035
2024-11-18,0.39178
2024-11-19,0.39636
2024-11-20,0.0022
2024-11-21,0.53404
2024-11-22,0.3468
2024-11-25,0.30204
2024-11-26,0.5722
2024-11-27,-0.38013
2024-12-02,0.24485
2024-12-03,0.04515
2024-12-04,0.60514
2024-12-05,-0.18697
2024-12-06,0.24954
2024-12-09,-0.61442
2024-12-10,-0.29639
2024-12-11,0.81658
2024-12-12,-0.5414
2024-12-13,-0.00264
2024-12-16,0.37993
2024-12-17,-0.3864
2024-12-18,-2.94929
2024-12-19,-0.08651
2024-12-20,1.08691
2024-12-23,0.72873
2024-12-24,1.10427
2024-12-27,-1.10557
2024-12-30,-1.0702
2024-12-31,-0.42848
2025-01-03,1.2596
2025-01-06,0.55381
2025-01-07,-1.11039
2025-01-08,0.15603
2025-01-13,0.15754
2025-01-14,0.11463
2025-01-15,1.83128
2025-01-16,-0.21126
2025-01-17,0.9991
2025-01-22,0.6138
2025-01-23,0.53135
2025-01-24,-0.28552
2025-01-27,-1.45806
2025-01-28,0.92178
2025-01-29,-0.46789
2025-01-30,0.52754
2025-01-31,-0.50468
2025-02-03,-0.76086
2025-02-04,0.72249
2025-02-05,0.39087
2025-02-06,0.36443
2025-02-07,-0.94648
2025-02-10,0.67126
2025-02-11,0.03396
2025-02-12,-0.27239
2025-02-13,1.04264
2025-02-14,-0.0072
2025-02-19,0.2377
2025-02-20,-0.43342
2025-02-21,-1.70641
2025-02-24,-0.49691
2025-02-25,-0.46797
2025-02-26,0.0136
2025-02-27,-1.58645
2025-02-28,1.58541
2025-03-03,-1.75968
2025-03-04,-1.22348
2025-03-05,1.11593
2025-03-06,-1.7819
2025-03-07,0.55206
2025-03-10,-2.69731
2025-03-11,-0.75678
2025-03-12,0.48869
2025-03-13,-1.3891
2025-03-14,2.12659
2025-03-17,0.64161
2025-03-18,-1.06535
2025-03-19,1.07985
2025-03-20,-0.21849
2025-03-21,0.08247
2025-03-24,1.7646
2025-03-25,0.15743
2025-03-26,-1.1157
2025-03-27,-0.3307
2025-03-28,-1.97372
2025-03-31,0.55385
2025-04-01,0.37813
2025-04-02,0.67281
2025-04-03,-4.83956
2025-04-04,-5.97496
2025-04-07,-0.23315
2025-04-08,-1.57005
2025-04-09,9.51539
2025-04-10,-3.46076
2025-04-11,1.80921
2025-04-14,0.79446
2025-04-15,-0.17277
2025-04-16,-2.24084
2025-04-17,0.13268
2025-04-22,2.51173
2025-04-23,1.66611
2025-04-24,2.02591
2025-04-25,0.73731
2025-04-28,0.06407
2025-04-29,0.58024
2025-04-30,0.148
2025-05-01,0.62991
2025-05-02,1.47266
2025-05-05,-0.63816
2025-05-06,-0.76933
2025-05-07,0.43464
2025-05-08,0.57997
2025-05-09,-0.07115
2025-05-12,3.25588
2025-05-13,0.72482
2025-05-14,0.10244
2025-05-15,0.41323
2025-05-16,0.70053
2025-05-19,0.08761
2025-05-20,-0.38802
2025-05-21,-1.61351
2025-05-22,-0.04449
2025-05-23,-0.67083
2025-05-28,-0.55712
2025-05-29,0.40112
2025-05-30,-0.00812
2025-06-02,0.4102
2025-06-03,0.58003
2025-06-04,0.00737
2025-06-05,-0.52773
2025-06-06,1.02807
2025-06-09,0.09199
2025-06-10,0.5483
2025-06-11,-0.27439
2025-06-12,0.38225
2025-06-13,-1.12965
2025-06-16,0.93927
2025-06-17,-0.83522
2025-06-18,-0.03092
2025-06-23,0.96065
2025-06-24,1.11217
2025-06-25,-0.00033
2025-06-26,0.80201
2025-06-27,0.5219
2025-06-30,0.51644
2025-07-01,-0.11185
2025-07-02,0.47451
2025-07-03,0.83389
2025-07-08,-0.07159
2025-07-09,0.60621
2025-07-10,0.27462
2025-07-11,-0.32975
2025-07-14,0.14074
2025-07-15,-0.39563
2025-07-16,0.31936
2025-07-17,0.53738
2025-07-18,-0.00905
2025-07-21,0.13991
2025-07-22,0.06375
2025-07-23,0.78119
2025-07-24,0.06982
2025-07-25,0.39743
2025-07-28,0.01769
2025-07-29,-0.29594
2025-07-30,-0.12494
2025-07-31,-0.36949
2025-08-01,-1.59921
2025-08-04,1.47371
2025-08-05,-0.48579
2025-08-06,0.72819
2025-08-07,-0.07975
2025-08-08,0.77997
2025-08-11,-0.25041
2025-08-12,1.13455
2025-08-13,0.323
2025-08-14,0.03031
2025-08-15,-0.28971
2025-08-18,-0.01008
2025-08-19,-0.58581
2025-08-20,-0.24316
2025-08-21,-0.40042
2025-08-22,1.51864
2025-08-25,-0.42663
2025-08-26,0.4134
2025-08-27,0.2391
2025-08-28,0.31567
2025-08-29,-0.63982
2025-09-03,0.51001
2025-09-04,0.83464
2025-09-05,-0.31651
2025-09-08,0.2106
2025-09-09,0.26882
2025-09-10,0.29834
2025-09-11,0.84859
2025-09-12,-0.04827
2025-09-15,0.47067
2025-09-16,-0.12879
2025-09-17,-0.09702
2025-09-18,0.47891
2025-09-19,0.48854
2025-09-22,0.441
