date,risk_free
2019-10-01,0.0014492259590970225
2019-10-02,0.0014344618125472497
2019-10-03,0.0013770228931380135
2019-10-04,0.0013688143879508896
2019-10-07,0.0013835891839850678
2019-10-08,0.0013688143879508896
2019-10-09,0.0013466477456842707
2019-10-10,0.0013507530903129616
2019-10-11,0.00134254221590413
2019-10-14,0.0013384365009552202
2019-10-15,0.0013384365009552202
2019-10-16,0.00133597296351895
2019-10-17,0.0013441844304586947
2019-10-18,0.0013441844304586947
2019-10-21,0.0013441844304586947
2019-10-22,0.00133597296351895
2019-10-23,0.00133597296351895
2019-10-24,0.00134254221590413
2019-10-25,0.0013441844304586947
2019-10-28,0.0013277607557919957
2019-10-29,0.001319547807137722
2019-10-30,0.001319547807137722
2019-10-31,0.0012398436480758335
2019-11-01,0.0012291563327397892
2019-11-04,0.0012439538123272254
2019-11-05,0.0012562831916194117
2019-11-06,0.0012538174297658244
2019-11-07,0.0012562831916194117
2019-11-08,0.0012497077108970522
2019-11-11,0.001252173584081584
2019-11-12,0.001268610901086209
2019-11-13,0.0012702544499501034
2019-11-14,0.0012645018501042937
2019-11-15,0.0012645018501042937
2019-11-18,0.0012603926136212085
2019-11-19,0.001262036310881287
2019-11-20,0.0012579269630881296
2019-11-21,0.0012661454731626165
2019-11-22,0.0012768284466169177
2019-11-25,0.0012784718471123835
2019-11-26,0.0012949045142147675
2019-11-27,0.0012949045142147675
2019-11-29,0.0012743632412606232
2019-12-02,0.0012727197665847179
2019-12-03,0.0012727197665847179
2019-12-04,0.0012398436480758335
2019-12-05,0.0012357332982182445
2019-12-06,0.0012250455002231764
2019-12-09,0.0012398436480758335
2019-12-10,0.0012538174297658244
2019-12-11,0.0012579269630881296
2019-12-12,0.0012661454731626165
2019-12-13,0.0012603926136212085
2019-12-16,0.001262036310881287
2019-12-17,0.0012661454731626165
2019-12-18,0.0012562831916194117
2019-12-19,0.001268610901086209
2019-12-20,0.0012645018501042937
2019-12-23,0.0012579269630881296
2019-12-24,0.0012727197665847179
2019-12-26,0.0012702544499501034
2019-12-27,0.0012562831916194117
2019-12-30,0.0012332669796046858
2019-12-31,0.0012455978064640494
2020-01-02,0.0012373774408354077
2020-01-03,0.0012192900423748654
2020-01-06,0.001231622762736917
2020-01-07,0.0012414877164492744
2020-01-08,0.0012357332982182445
2020-01-09,0.0012414877164492744
2020-01-10,0.0012398436480758335
2020-01-13,0.0012497077108970522
2020-01-14,0.0012661454731626165
2020-01-15,0.0012480637909899617
2020-01-16,0.0012562831916194117
2020-01-17,0.0012603926136212085
2020-01-21,0.0012439538123272254
2020-01-22,0.001252173584081584
2020-01-23,0.0012538174297658244
2020-01-24,0.0012332669796046858
2020-01-27,0.0012455978064640494
2020-01-28,0.0012661454731626165
2020-01-29,0.0012579269630881296
2020-01-30,0.0012645018501042937
2020-01-31,0.0012497077108970522
2020-02-03,0.0012562831916194117
2020-02-04,0.0012727197665847179
2020-02-05,0.0012579269630881296
2020-02-06,0.0012661454731626165
2020-02-07,0.0012562831916194117
2020-02-10,0.0012579269630881296
2020-02-11,0.0012727197665847179
2020-02-12,0.0012702544499501034
2020-02-13,0.0012784718471123835
2020-02-14,0.0012702544499501034
2020-02-18,0.0012702544499501034
2020-02-19,0.0012768284466169177
2020-02-20,0.0012727197665847179
2020-02-21,0.0012562831916194117
2020-02-24,0.0012439538123272254
2020-02-25,0.0012332669796046858
2020-02-26,0.0012234011348326579
2020-02-27,0.0011551328276280248
2020-02-28,0.0010192665837294168
2020-03-02,9.409484080047381e-4
2020-03-03,7.618000007476589e-4
2020-03-04,5.607672435155031e-4
2020-03-05,4.94486296186647e-4
2020-03-06,3.451772614195825e-4
2020-03-09,2.7458494822485413e-4
2020-03-10,3.244204940202611e-4
2020-03-11,3.0615063566163947e-4
2020-03-12,2.2721583771767584e-4
2020-03-13,2.022748157426424e-4
2020-03-16,1.5403610246034205e-4
2020-03-17,1.3739613056573674e-4
2020-03-18,2.4999656473845278e-6
2020-03-19,-2.3336329033951664e-5
2020-03-20,-2.7504160103108966e-5
2020-03-23,-3.33394452612934e-5
2020-03-24,-2.7504160103108966e-5
2020-03-25,-5.835205723381254e-5
2020-03-26,-8.75421349104677e-5
2020-03-27,-4.83461853160172e-5
2020-03-30,1.0832688124295942e-5
2020-03-31,2.4996562600021477e-5
2020-04-01,5.248484756781302e-5
2020-04-02,5.4150534226415914e-5
2020-04-03,4.832048809122469e-5
2020-04-06,4.998625415164604e-5
2020-04-07,1.0660414507634997e-4
2020-04-08,1.5403610246034205e-4
2020-04-09,1.7483178268817845e-4
2020-04-13,1.665140862996406e-4
2020-04-14,1.3739613056573674e-4
2020-04-15,9.578285999856107e-5
2020-04-16,9.162048334565576e-5
2020-04-17,8.579283959120332e-5
2020-04-20,5.831462666927578e-5
2020-04-21,8.163000553884636e-5
2020-04-22,7.746698707578048e-5
2020-04-23,7.746698707578048e-5
2020-04-24,8.329516451377472e-5
2020-04-27,7.746698707578048e-5
2020-04-28,7.080575356832597e-5
2020-04-29,7.496908325510532e-5
2020-04-30,7.496908325510532e-5
2020-05-01,7.746698707578048e-5
2020-05-04,7.496908325510532e-5
2020-05-05,9.162048334565576e-5
2020-05-06,8.995548304757683e-5
2020-05-07,7.913221609512355e-5
2020-05-08,7.913221609512355e-5
2020-05-11,8.745791612252418e-5
2020-05-12,1.024422638211675e-4
2020-05-13,9.578285999856107e-5
2020-05-14,8.745791612252418e-5
2020-05-15,8.579283959120332e-5
2020-05-18,8.745791612252418e-5
2020-05-19,9.828019204305427e-5
2020-05-20,9.828019204305427e-5
2020-05-21,9.162048334565576e-5
2020-05-22,9.162048334565576e-5
2020-05-26,9.828019204305427e-5
2020-05-27,1.1243045506881266e-4
2020-05-28,1.1492732368845182e-4
2020-05-29,1.0660414507634997e-4
2020-06-01,1.0660414507634997e-4
2020-06-02,1.2075310035553066e-4
2020-06-03,1.232497528305121e-4
2020-06-04,1.1659187294243978e-4
2020-06-05,1.2075310035553066e-4
2020-06-08,1.2741067554444818e-4
2020-06-09,1.3739613056573674e-4
2020-06-10,1.3739613056573674e-4
2020-06-11,1.2741067554444818e-4
2020-06-12,1.2491414972704007e-4
2020-06-15,1.2907499627323737e-4
2020-06-16,1.3323565241374347e-4
2020-06-17,1.3739613056573674e-4
2020-06-18,1.1659187294243978e-4
2020-06-19,1.1908863968534966e-4
2020-06-22,1.1659187294243978e-4
2020-06-23,1.1659187294243978e-4
2020-06-24,1.1243045506881266e-4
2020-06-25,1.0826883431369616e-4
2020-06-26,1.1076582962532555e-4
2020-06-29,1.0410703546392952e-4
2020-06-30,1.1243045506881266e-4
2020-07-01,1.0826883431369616e-4
2020-07-02,1.1076582962532555e-4
2020-07-06,1.0660414507634997e-4
2020-07-07,1.1659187294243978e-4
2020-07-08,1.1243045506881266e-4
2020-07-09,1.024422638211675e-4
2020-07-10,9.994503989707582e-5
2020-07-13,1.0410703546392952e-4
2020-07-14,1.1076582962532555e-4
2020-07-15,1.0410703546392952e-4
2020-07-16,8.579283959120332e-5
2020-07-17,8.745791612252418e-5
2020-07-20,8.745791612252418e-5
2020-07-21,9.162048334565576e-5
2020-07-22,8.329516451377472e-5
2020-07-23,8.579283959120332e-5
2020-07-24,8.163000553884636e-5
2020-07-27,7.746698707578048e-5
2020-07-28,8.579283959120332e-5
2020-07-29,7.496908325510532e-5
2020-07-30,7.080575356832597e-5
2020-07-31,6.914036582772454e-5
2020-08-03,6.497677541350555e-5
2020-08-04,7.496908325510532e-5
2020-08-05,7.913221609512355e-5
2020-08-06,7.330377177705572e-5
2020-08-07,7.330377177705572e-5
2020-08-10,7.330377177705572e-5
2020-08-11,8.329516451377472e-5
2020-08-12,8.329516451377472e-5
2020-08-13,7.496908325510532e-5
2020-08-14,7.330377177705572e-5
2020-08-17,7.080575356832597e-5
2020-08-18,8.329516451377472e-5
2020-08-19,7.913221609512355e-5
2020-08-20,7.330377177705572e-5
2020-08-21,7.330377177705572e-5
2020-08-24,7.080575356832597e-5
2020-08-25,7.913221609512355e-5
2020-08-26,7.746698707578048e-5
2020-08-27,7.913221609512355e-5
2020-08-28,7.913221609512355e-5
2020-08-31,7.913221609512355e-5
2020-09-01,8.329516451377472e-5
2020-09-02,8.329516451377472e-5
2020-09-03,8.329516451377472e-5
2020-09-04,8.579283959120332e-5
2020-09-08,8.995548304757683e-5
2020-09-09,8.745791612252418e-5
2020-09-10,8.579283959120332e-5
2020-09-11,8.579283959120332e-5
2020-09-14,8.329516451377472e-5
2020-09-15,8.329516451377472e-5
2020-09-16,8.329516451377472e-5
2020-09-17,7.080575356832597e-5
2020-09-18,6.914036582772454e-5
2020-09-21,6.664223321983798e-5
2020-09-22,7.330377177705572e-5
2020-09-23,7.330377177705572e-5
2020-09-24,7.746698707578048e-5
2020-09-25,7.496908325510532e-5
2020-09-28,7.330377177705572e-5
2020-09-29,7.080575356832597e-5
2020-09-30,7.080575356832597e-5
2020-10-01,6.914036582772454e-5
2020-10-02,7.080575356832597e-5
2020-10-05,7.080575356832597e-5
2020-10-06,7.330377177705572e-5
2020-10-07,7.330377177705572e-5
2020-10-08,7.330377177705572e-5
2020-10-09,7.746698707578048e-5
2020-10-12,7.496908325510532e-5
2020-10-13,7.746698707578048e-5
2020-10-14,8.329516451377472e-5
2020-10-15,7.913221609512355e-5
2020-10-16,7.496908325510532e-5
2020-10-19,7.496908325510532e-5
2020-10-20,7.913221609512355e-5
2020-10-21,7.496908325510532e-5
2020-10-22,7.080575356832597e-5
2020-10-23,6.914036582772454e-5
2020-10-26,6.664223321983798e-5
2020-10-27,7.496908325510532e-5
2020-10-28,7.496908325510532e-5
2020-10-29,6.914036582772454e-5
2020-10-30,6.914036582772454e-5
2020-11-02,6.914036582772454e-5
2020-11-03,7.496908325510532e-5
2020-11-04,6.914036582772454e-5
2020-11-05,7.080575356832597e-5
2020-11-06,6.914036582772454e-5
2020-11-09,7.330377177705572e-5
2020-11-10,7.496908325510532e-5
2020-11-11,7.496908325510532e-5
2020-11-12,7.080575356832597e-5
2020-11-13,6.914036582772454e-5
2020-11-16,6.247852839580403e-5
2020-11-17,6.664223321983798e-5
2020-11-18,6.247852839580403e-5
2020-11-19,4.998625415164604e-5
2020-11-20,4.832048809122469e-5
2020-11-23,5.831462666927578e-5
2020-11-24,6.664223321983798e-5
2020-11-25,6.664223321983798e-5
2020-11-27,6.081298810811653e-5
2020-11-30,6.247852839580403e-5
2020-12-01,6.664223321983798e-5
2020-12-02,6.247852839580403e-5
2020-12-03,6.247852839580403e-5
2020-12-04,6.247852839580403e-5
2020-12-07,5.831462666927578e-5
2020-12-08,5.6649016302090516e-5
2020-12-09,5.831462666927578e-5
2020-12-10,5.831462666927578e-5
2020-12-11,5.4150534226415914e-5
2020-12-14,4.998625415164604e-5
2020-12-15,5.831462666927578e-5
2020-12-16,6.247852839580403e-5
2020-12-17,6.664223321983798e-5
2020-12-18,6.664223321983798e-5
2020-12-21,6.497677541350555e-5
2020-12-22,6.497677541350555e-5
2020-12-23,6.247852839580403e-5
2020-12-24,6.247852839580403e-5
2020-12-28,6.664223321983798e-5
2020-12-29,7.496908325510532e-5
2020-12-30,5.831462666927578e-5
2020-12-31,5.4150534226415914e-5
2021-01-04,5.6649016302090516e-5
2021-01-05,6.497677541350555e-5
2021-01-06,6.497677541350555e-5
2021-01-07,6.664223321983798e-5
2021-01-08,6.664223321983798e-5
2021-01-11,6.664223321983798e-5
2021-01-12,6.664223321983798e-5
2021-01-13,6.664223321983798e-5
2021-01-14,6.247852839580403e-5
2021-01-15,6.247852839580403e-5
2021-01-19,6.081298810811653e-5
2021-01-20,6.247852839580403e-5
2021-01-21,6.081298810811653e-5
2021-01-22,5.831462666927578e-5
2021-01-25,5.831462666927578e-5
2021-01-26,5.6649016302090516e-5
2021-01-27,4.998625415164604e-5
2021-01-28,4.5821783323907184e-5
2021-01-29,3.999120304531978e-5
2021-02-01,3.999120304531978e-5
2021-02-02,4.165712172521374e-5
2021-02-03,3.332722303861502e-5
2021-02-04,2.4996562600021477e-5
2021-02-05,1.9164646514635564e-5
2021-02-08,1.6665138711680072e-5
2021-02-09,2.7495841352642714e-5
2021-02-10,2.9161989017367773e-5
2021-02-11,2.9161989017367773e-5
2021-02-12,2.9161989017367773e-5
2021-02-16,2.9161989017367773e-5
2021-02-17,2.9161989017367773e-5
2021-02-18,1.9164646514635564e-5
2021-02-19,1.9164646514635564e-5
2021-02-22,2.0830946872107958e-5
2021-02-23,1.9164646514635564e-5
2021-02-24,2.333034014445623e-5
2021-02-25,2.7495841352642714e-5
2021-02-26,2.9161989017367773e-5
2021-03-01,2.333034014445623e-5
2021-03-02,2.9161989017367773e-5
2021-03-03,2.9161989017367773e-5
2021-03-04,2.333034014445623e-5
2021-03-05,2.333034014445623e-5
2021-03-08,2.9161989017367773e-5
2021-03-09,2.9161989017367773e-5
2021-03-10,2.4996562600021477e-5
2021-03-11,2.333034014445623e-5
2021-03-12,2.0830946872107958e-5
2021-03-15,1.249914042800171e-5
2021-03-16,6.666422551315776e-6
2021-03-17,6.666422551315776e-6
2021-03-18,2.4999656473845278e-6
2021-03-19,4.166571090369331e-6
2021-03-22,4.166571090369331e-6
2021-03-23,8.332951227041363e-6
2021-03-24,1.249914042800171e-5
2021-03-25,1.249914042800171e-5
2021-03-26,1.249914042800171e-5
2021-03-29,6.666422551315776e-6
2021-03-30,1.0832688124295942e-5
2021-03-31,1.0832688124295942e-5
2021-04-01,6.666422551315776e-6
2021-04-05,1.249914042800171e-5
2021-04-06,1.249914042800171e-5
2021-04-07,8.332951227041363e-6
2021-04-08,4.166571090369331e-6
2021-04-09,2.4999656473845278e-6
2021-04-12,8.332951227041363e-6
2021-04-13,1.249914042800171e-5
2021-04-14,1.249914042800171e-5
2021-04-15,8.332951227041363e-6
2021-04-16,6.666422551315776e-6
2021-04-19,1.249914042800171e-5
2021-04-20,1.249914042800171e-5
2021-04-21,1.0832688124295942e-5
2021-04-22,1.249914042800171e-5
2021-04-23,1.249914042800171e-5
2021-04-26,6.666422551315776e-6
2021-04-27,8.332951227041363e-6
2021-04-28,6.666422551315776e-6
2021-04-29,6.666422551315776e-6
2021-04-30,2.4999656473845278e-6
2021-05-03,4.166571090369331e-6
2021-05-04,8.332951227041363e-6
2021-05-05,6.666422551315776e-6
2021-05-06,6.666422551315776e-6
2021-05-07,6.666422551315776e-6
2021-05-10,4.166571090369331e-6
2021-05-11,8.332951227041363e-6
2021-05-12,8.332951227041363e-6
2021-05-13,6.666422551315776e-6
2021-05-14,4.166571090369331e-6
2021-05-17,4.166571090369331e-6
2021-05-18,8.332951227041363e-6
2021-05-19,4.166571090369331e-6
2021-05-20,2.4999656473845278e-6
2021-05-21,2.4999656473845278e-6
2021-05-24,2.4999656473845278e-6
2021-05-25,8.332951227041363e-6
2021-05-26,4.166571090369331e-6
2021-05-27,4.166571090369331e-6
2021-05-28,6.666422551315776e-6
2021-06-01,8.332951227041363e-6
2021-06-02,1.249914042800171e-5
2021-06-03,1.249914042800171e-5
2021-06-04,1.249914042800171e-5
2021-06-07,1.4998761996620757e-5
2021-06-08,1.6665138711680072e-5
2021-06-09,1.6665138711680072e-5
2021-06-10,1.6665138711680072e-5
2021-06-11,1.4998761996620757e-5
2021-06-14,1.249914042800171e-5
2021-06-15,1.6665138711680072e-5
2021-06-16,2.333034014445623e-5
2021-06-17,2.333034014445623e-5
2021-06-18,2.333034014445623e-5
2021-06-21,2.4996562600021477e-5
2021-06-22,3.1661151709716506e-5
2021-06-23,3.332722303861502e-5
2021-06-24,3.582627433651453e-5
2021-06-25,3.582627433651453e-5
2021-06-28,3.332722303861502e-5
2021-06-29,3.332722303861502e-5
2021-06-30,3.332722303861502e-5
2021-07-01,3.332722303861502e-5
2021-07-02,3.1661151709716506e-5
2021-07-06,3.332722303861502e-5
2021-07-07,3.582627433651453e-5
2021-07-08,3.582627433651453e-5
2021-07-09,3.582627433651453e-5
2021-07-12,3.582627433651453e-5
2021-07-13,3.749226933735805e-5
2021-07-14,3.749226933735805e-5
2021-07-15,3.1661151709716506e-5
2021-07-16,3.1661151709716506e-5
2021-07-19,3.332722303861502e-5
2021-07-20,3.749226933735805e-5
2021-07-21,3.749226933735805e-5
2021-07-22,3.582627433651453e-5
2021-07-23,3.749226933735805e-5
2021-07-26,3.332722303861502e-5
2021-07-27,3.749226933735805e-5
2021-07-28,3.749226933735805e-5
2021-07-29,3.332722303861502e-5
2021-07-30,3.332722303861502e-5
2021-08-02,3.1661151709716506e-5
2021-08-03,3.749226933735805e-5
2021-08-04,3.749226933735805e-5
2021-08-05,3.582627433651453e-5
2021-08-06,3.582627433651453e-5
2021-08-09,3.749226933735805e-5
2021-08-10,4.165712172521374e-5
2021-08-11,3.749226933735805e-5
2021-08-12,3.582627433651453e-5
2021-08-13,3.749226933735805e-5
2021-08-16,4.832048809122469e-5
2021-08-17,5.248484756781302e-5
2021-08-18,4.5821783323907184e-5
2021-08-19,3.582627433651453e-5
2021-08-20,3.582627433651453e-5
2021-08-23,3.332722303861502e-5
2021-08-24,3.999120304531978e-5
2021-08-25,3.749226933735805e-5
2021-08-26,3.582627433651453e-5
2021-08-27,3.582627433651453e-5
2021-08-30,3.1661151709716506e-5
2021-08-31,3.332722303861502e-5
2021-09-01,3.332722303861502e-5
2021-09-02,3.332722303861502e-5
2021-09-03,3.332722303861502e-5
2021-09-07,2.9161989017367773e-5
2021-09-08,3.332722303861502e-5
2021-09-09,3.1661151709716506e-5
2021-09-10,3.1661151709716506e-5
2021-09-13,3.1661151709716506e-5
2021-09-14,2.9161989017367773e-5
2021-09-15,2.9161989017367773e-5
2021-09-16,2.4996562600021477e-5
2021-09-17,2.333034014445623e-5
2021-09-20,2.0830946872107958e-5
2021-09-21,1.6665138711680072e-5
2021-09-22,2.0830946872107958e-5
2021-09-23,2.0830946872107958e-5
2021-09-24,2.0830946872107958e-5
2021-09-27,2.0830946872107958e-5
2021-09-28,2.4996562600021477e-5
2021-09-29,2.4996562600021477e-5
2021-09-30,2.333034014445623e-5
2021-10-01,2.333034014445623e-5
2021-10-04,2.333034014445623e-5
2021-10-05,2.9161989017367773e-5
2021-10-06,3.332722303861502e-5
2021-10-07,3.332722303861502e-5
2021-10-08,3.332722303861502e-5
2021-10-11,3.332722303861502e-5
2021-10-12,3.332722303861502e-5
2021-10-13,3.749226933735805e-5
2021-10-14,3.332722303861502e-5
2021-10-15,3.1661151709716506e-5
2021-10-18,3.582627433651453e-5
2021-10-19,4.165712172521374e-5
2021-10-20,4.165712172521374e-5
2021-10-21,4.165712172521374e-5
2021-10-22,4.165712172521374e-5
2021-10-25,4.165712172521374e-5
2021-10-26,4.165712172521374e-5
2021-10-27,4.165712172521374e-5
2021-10-28,3.999120304531978e-5
2021-10-29,3.999120304531978e-5
2021-11-01,3.332722303861502e-5
2021-11-02,3.749226933735805e-5
2021-11-03,3.749226933735805e-5
2021-11-04,2.9161989017367773e-5
2021-11-05,3.332722303861502e-5
2021-11-08,2.9161989017367773e-5
2021-11-09,3.332722303861502e-5
2021-11-10,3.749226933735805e-5
2021-11-11,3.332722303861502e-5
2021-11-12,3.582627433651453e-5
2021-11-15,3.1661151709716506e-5
2021-11-16,3.332722303861502e-5
2021-11-17,3.749226933735805e-5
2021-11-18,3.749226933735805e-5
2021-11-19,3.749226933735805e-5
2021-11-22,3.332722303861502e-5
2021-11-23,3.749226933735805e-5
2021-11-24,4.165712172521374e-5
2021-11-26,3.582627433651453e-5
2021-11-29,3.1661151709716506e-5
2021-11-30,3.999120304531978e-5
2021-12-01,4.165712172521374e-5
2021-12-02,3.582627433651453e-5
2021-12-03,3.582627433651453e-5
2021-12-06,3.582627433651453e-5
2021-12-07,4.832048809122469e-5
2021-12-08,4.998625415164604e-5
2021-12-09,4.4155940957413264e-5
2021-12-10,4.165712172521374e-5
2021-12-13,3.582627433651453e-5
2021-12-14,3.999120304531978e-5
2021-12-15,3.749226933735805e-5
2021-12-16,2.9161989017367773e-5
2021-12-17,2.4996562600021477e-5
2021-12-20,3.1661151709716506e-5
2021-12-21,5.4150534226415914e-5
2021-12-22,5.4150534226415914e-5
2021-12-23,4.832048809122469e-5
2021-12-27,3.582627433651453e-5
2021-12-28,4.165712172521374e-5
2021-12-29,3.749226933735805e-5
2021-12-30,2.0830946872107958e-5
2021-12-31,2.7495841352642714e-5
2022-01-03,4.4155940957413264e-5
2022-01-04,6.664223321983798e-5
2022-01-05,7.080575356832597e-5
2022-01-06,7.496908325510532e-5
2022-01-07,7.330377177705572e-5
2022-01-10,7.496908325510532e-5
2022-01-11,9.828019204305427e-5
2022-01-12,9.578285999856107e-5
2022-01-13,9.162048334565576e-5
2022-01-14,9.828019204305427e-5
2022-01-18,1.0826883431369616e-4
2022-01-19,1.3739613056573674e-4
2022-01-20,1.3989231367927957e-4
2022-01-21,1.3157142024500246e-4
2022-01-24,1.2907499627323737e-4
2022-01-25,1.5403610246034205e-4
2022-01-26,1.482124580771682e-4
2022-01-27,1.5403610246034205e-4
2022-01-28,1.4405247484949868e-4
2022-01-31,1.4405247484949868e-4
2022-02-01,1.6900947015341394e-4
2022-02-02,1.5403610246034205e-4
2022-02-03,1.6069124110229538e-4
2022-02-04,1.8564367041373764e-4
2022-02-07,1.6900947015341394e-4
2022-02-08,2.2887833260520907e-4
2022-02-09,2.2472205077961327e-4
2022-02-10,3.078116880588233e-4
2022-02-11,2.812312576139231e-4
2022-02-14,2.9950614740159587e-4
2022-02-15,3.3272378435866834e-4
2022-02-16,3.103031973918924e-4
2022-02-17,2.8704638915555414e-4
2022-02-18,2.6461453607984353e-4
2022-02-22,2.7458494822485413e-4
2022-02-23,2.828927652516189e-4
2022-02-24,2.3552798344317338e-4
2022-02-25,2.479948022924283e-4
2022-02-28,2.3968377138627872e-4
2022-03-01,2.6045988739831216e-4
2022-03-02,2.704307303043052e-4
2022-03-03,2.787389516138994e-4
2022-03-04,2.5381205960406383e-4
2022-03-07,2.5381205960406383e-4
2022-03-08,2.9950614740159587e-4
2022-03-09,3.078116880588233e-4
2022-03-10,2.9950614740159587e-4
2022-03-11,3.0365901255158256e-4
2022-03-14,3.1445556950826514e-4
2022-03-15,3.7256895400550327e-4
2022-03-16,3.6011920291678656e-4
2022-03-17,2.9950614740159587e-4
2022-03-18,3.1860775202874336e-4
2022-03-21,3.7837824804420883e-4
2022-03-22,4.323039578968402e-4
2022-03-23,3.991226803552461e-4
2022-03-24,4.0161171406705165e-4
2022-03-25,4.323039578968402e-4
2022-03-28,4.223508728851133e-4
2022-03-29,4.613276763638652e-4
2022-03-30,4.3645076343645783e-4
2022-03-31,4.0990793522888147e-4
2022-04-01,4.1571484472902043e-4
2022-04-04,4.4723159283233116e-4
2022-04-05,5.549695631184015e-4
2022-04-06,5.508281577337737e-4
2022-04-07,5.483432536144139e-4
2022-04-08,5.549695631184015e-4
2022-04-11,5.649081964080871e-4
2022-04-12,6.129294982126776e-4
2022-04-13,6.145849820131666e-4
2022-04-14,6.212065172834791e-4
2022-04-18,6.269999282897398e-4
2022-04-19,6.915304192065541e-4
2022-04-20,6.60098219825267e-4
2022-04-21,6.64234653484197e-4
2022-04-22,6.476877408867487e-4
2022-04-25,6.625800730049036e-4
2022-04-26,6.915304192065541e-4
2022-04-27,6.708525758674089e-4
2022-04-28,6.51824788203248e-4
2022-04-29,6.708525758674089e-4
2022-05-02,6.352756179186514e-4
2022-05-03,7.427912279307503e-4
2022-05-04,6.915304192065541e-4
2022-05-05,6.667163938167686e-4
2022-05-06,6.766428260682744e-4
2022-05-09,6.64234653484197e-4
2022-05-10,7.287387465442219e-4
2022-05-11,7.32872060428269e-4
2022-05-12,7.510563912151991e-4
2022-05-13,7.824572344652392e-4
2022-05-16,8.130212920800517e-4
2022-05-17,8.609118382567615e-4
2022-05-18,8.320153987830814e-4
2022-05-19,8.295381143461622e-4
2022-05-20,8.113694153915052e-4
2022-05-23,8.237575380807272e-4
2022-05-24,8.65039151979774e-4
2022-05-25,8.666900053688753e-4
2022-05-26,8.526566491053877e-4
2022-05-27,8.501799266165122e-4
2022-05-31,8.543077271732091e-4
2022-06-01,9.145524175848685e-4
2022-06-02,9.228019933114062e-4
2022-06-03,9.409484080047381e-4
2022-06-06,9.615649644234558e-4
2022-06-07,0.0010151462596581506
2022-06-08,0.0010217387082733786
2022-06-09,0.001025858733873397
2022-06-10,0.0010670487341346568
2022-06-13,0.0012398436480758335
2022-06-14,0.0014410239619206955
2022-06-15,0.0014016440665445273
2022-06-16,0.0012275120416143093
2022-06-17,0.0012497077108970522
2022-06-21,0.001231622762736917
2022-06-22,0.0012784718471123835
2022-06-23,0.0012907965520876363
2022-06-24,0.0013220117891212801
2022-06-27,0.0013507530903129616
2022-06-28,0.001436922686215203
2022-06-29,0.001409849612202807
2022-06-30,0.0013236543740895446
2022-07-01,0.00132611824492046
2022-07-05,0.0013482898861769677
2022-07-06,0.0015205522514316616
2022-07-07,0.0015312054140332876
2022-07-08,0.0015230107992374453
2022-07-11,0.0016131110238526425
2022-07-12,0.0017440070482845904
2022-07-13,0.0019155231238143777
2022-07-14,0.001874715296692031
2022-07-15,0.0018477720920371254
2022-07-18,0.0018641022466401314
2022-07-19,0.0020190930589558675
2022-07-20,0.0019603907240710594
2022-07-21,0.0019457091301289253
2022-07-22,0.001941630619244794
2022-07-25,0.001972623383857064
2022-07-26,0.0020394668451269027
2022-07-27,0.001964468395054819
2022-07-28,0.001903282792601324
2022-07-29,0.0018951215929738918
2022-08-01,0.0018681844251593471
2022-08-02,0.002029688066394142
2022-08-03,0.002001160193702889
2022-08-04,0.0019603907240710594
2022-08-05,0.0019864853644127045
2022-08-08,0.0020272431591046303
2022-08-09,0.0021168461686718043
2022-08-10,0.002088345775958178
2022-08-11,0.002051689085364128
2022-08-12,0.002059836269842741
2022-08-15,0.002070426539884762
2022-08-16,0.0021396402590279084
2022-08-17,0.0021152179258963066
2022-08-18,0.002112775313044102
2022-08-19,0.0021249875283486652
2022-08-22,0.002180329604521969
2022-08-23,0.002225067002603831
2022-08-24,0.002233198697775274
2022-08-25,0.0022470208948117687
2022-08-26,0.0022673439721248023
2022-08-29,0.00230228891777684
2022-08-30,0.0023632072195249876
2022-08-31,0.0023526509284592656
2022-09-01,0.002355087119065402
2022-09-02,0.002320162419962024
2022-09-06,0.0023404691919879372
2022-09-07,0.0024119128265254197
2022-09-08,0.002425707942887989
2022-09-09,0.002440312203986439
2022-09-12,0.002462214304989052
2022-09-13,0.002590277160314125
2022-09-14,0.002570025982302937
2022-09-15,0.002543287643790304
2022-09-16,0.0025230260210962197
2022-09-19,0.002494652411582088
2022-09-20,0.002663143820765601
2022-09-21,0.0026202404864734685
2022-09-22,0.002571646311672948
2022-09-23,0.002553821876801754
2022-09-26,0.0025999959655496063
2022-09-27,0.002668808767629649
2022-09-28,0.002652622215868261
2022-09-29,0.0026429088277126755
2022-09-30,0.0026121432562891123
2022-10-03,0.0025878472487932402
2022-10-04,0.0027213953151454806
2022-10-05,0.002703600142953899
2022-10-06,0.0026995554150786027
2022-10-07,0.002703600142953899
2022-10-10,0.0026971284150507646
2022-10-11,0.0027416127018391467
2022-10-12,0.0028975411479694735
2022-10-13,0.002937893606679287
2022-10-14,0.0029741956524520496
2022-10-17,0.0030225757802311293
2022-10-18,0.003139388654477493
2022-10-19,0.0031876812421542944
2022-10-20,0.0031852673926953123
2022-10-21,0.003181243784560195
2022-10-24,0.003203773282048239
2022-10-25,0.003245598688843776
2022-10-26,0.0032174491016419005
2022-10-27,0.0032174491016419005
2022-10-28,0.0032496194588442773
2022-10-31,0.0032536398598879135
2022-11-01,0.0033139263430650434
2022-11-02,0.0032938352759113165
2022-11-03,0.0032938352759113165
2022-11-04,0.003284189960826467
2022-11-07,0.003260072401328973
2022-11-08,0.0033460626951447026
2022-11-09,0.0033484722928192046
2022-11-10,0.0033179437189712058
2022-11-11,0.0033243719186362153
2022-11-14,0.003328388834505036
2022-11-15,0.00337818772890075
2022-11-16,0.003374172622639726
2022-11-17,0.0033645357996496816
2022-11-18,0.0033822026584349185
2022-11-21,0.003352488530494968
2022-11-22,0.003432774257778659
2022-11-23,0.003434379136983967
2022-11-25,0.003414314969001575
2022-11-28,0.00342073599823034
2022-11-29,0.003476901211005634
2022-11-30,0.003476901211005634
2022-12-01,0.0034287615535522065
2022-12-02,0.0034407991367302326
2022-12-05,0.0034006684460297087
2022-12-06,0.003450427524076538
2022-12-07,0.00342073599823034
2022-12-08,0.003394246004011503
2022-12-09,0.003412709354008614
2022-12-12,0.0034086961497901136
2022-12-13,0.003472890829898434
2022-12-14,0.003450427524076538
2022-12-15,0.0034448109288736095
2022-12-16,0.003404682386219715
2022-12-19,0.003404682386219715
2022-12-20,0.003458450850278849
2022-12-21,0.0034383915941134102
2022-12-22,0.0034407991367302326
2022-12-23,0.0034287615535522065
2022-12-27,0.003430366886029157
2022-12-28,0.003545055698575661
2022-12-29,0.003510584130161254
2022-12-30,0.003482516213296316
2023-01-03,0.003478505696557388
2023-01-04,0.0035947364874422405
2023-01-05,0.003673208745146761
2023-01-06,0.003669206602394226
2023-01-09,0.0036612017902160066
2023-01-10,0.0037268192318546944
2023-01-11,0.0037188194725932266
2023-01-12,0.0036547976638370283
2023-01-13,0.0036652042840892296
2023-01-17,0.003669206602394226
2023-01-18,0.003698817768585272
2023-01-19,0.003694816748962104
2023-01-20,0.0037052188061741376
2023-01-23,0.0037028182312421887
2023-01-24,0.003733218305490782
2023-01-25,0.0037108193934205502
2023-01-26,0.0037092193697148
2023-01-27,0.003713219376374255
2023-01-30,0.0037028182312421887
2023-01-31,0.0037308188484965754
2023-02-01,0.003690815553889726
2023-02-02,0.003682813018949904
2023-02-03,0.003693216063044069
2023-02-06,0.0037012180672262307
2023-02-07,0.0037308188484965754
2023-02-08,0.0037428162652932695
2023-02-09,0.0037652073254168528
2023-02-10,0.003782796774377317
2023-02-13,0.003790790545911138
2023-02-14,0.0038027800809568024
2023-02-15,0.0037891919238579597
2023-02-16,0.003806776369640996
2023-02-17,0.003818763804711134
2023-02-21,0.0038251568152272153
2023-02-22,0.003830750046315501
2023-02-23,0.003826754807372268
2023-02-24,0.0038371418362486143
2023-02-27,0.003806776369640996
2023-02-28,0.003842734332838882
2023-03-01,0.003854717045762346
2023-03-02,0.003853119543184347
2023-03-03,0.0038491252834682577
2023-03-06,0.0038571136280862728
2023-03-07,0.0039505229123462104
2023-03-08,0.0039808405965318094
2023-03-09,0.003952916980171528
2023-03-10,0.0039170024122590075
2023-03-13,0.0038011816689285105
2023-03-14,0.003818763804711134
2023-03-15,0.0037212196265965503
2023-03-16,0.003698817768585272
2023-03-17,0.003508980591051758
2023-03-20,0.0036467919691460793
2023-03-21,0.003758810494763898
2023-03-22,0.003725219488684983
2023-03-23,0.003677210330723213
2023-03-24,0.003677210330723213
2023-03-27,0.0037412168025565684
2023-03-28,0.003777200222033761
2023-03-29,0.003778799435391722
2023-03-30,0.003806776369640996
2023-03-31,0.0037428162652932695
2023-04-03,0.0037308188484965754
2023-04-04,0.0038571136280862728
2023-04-05,0.0038387396185417533
2023-04-06,0.003842734332838882
2023-04-10,0.003944937017219541
2023-04-11,0.0039784476414435055
2023-04-12,0.003962491862635975
2023-04-13,0.003958502386937068
2023-04-14,0.003996793168255852
2023-04-17,0.004012742952280712
2023-04-18,0.004098027347509081
2023-04-19,0.004070139184357835
2023-04-20,0.004030284762247982
2023-04-21,0.004034270721523292
2023-04-24,0.003972863455167452
2023-04-25,0.004036662593680296
2023-04-26,0.0040621698439538
2023-04-27,0.0040741237836483535
2023-04-28,0.004012742952280712
2023-05-01,0.003966480783525794
2023-05-02,0.004105993558082721
2023-05-03,0.004149796242997272
2023-05-04,0.004117941760476862
2023-05-05,0.004137852209579407
2023-05-08,0.004140241369114506
2023-05-09,0.004172088072429414
2023-05-10,0.004125906613164254
2023-05-11,0.004086076158062335
2023-05-12,0.004096433718052017
2023-05-15,0.0040741237836483535
2023-05-16,0.004120331441171743
2023-05-17,0.004144222529901986
2023-05-18,0.0041736800021212606
2023-05-19,0.004141833854264698
2023-05-22,0.004149796242997272
2023-05-23,0.004195965621348385
2023-05-24,0.004221428403236471
2023-05-25,0.0042039236696327364
2023-05-26,0.004165719316832073
2023-05-30,0.004188007258788762
2023-05-31,0.004271537569666695
2023-06-01,0.004235748168819775
2023-06-02,0.0042452934315264645
2023-06-05,0.004188007258788762
2023-06-06,0.0041999447322058625
2023-06-07,0.004195965621348385
2023-06-08,0.004153777366761924
2023-06-09,0.004149796242997272
2023-06-12,0.004149796242997272
2023-06-13,0.004153777366761924
2023-06-14,0.004137852209579407
2023-06-15,0.004117941760476862
2023-06-16,0.004125906613164254
2023-06-20,0.004133870391216821
2023-06-21,0.004181639993270814
2023-06-22,0.004181639993270814
2023-06-23,0.004184027627561315
2023-06-26,0.004197557514186379
2023-06-27,0.0042174502286933535
2023-06-28,0.00420949373892876
2023-06-29,0.004213472260193418
2023-06-30,0.004195965621348385
2023-07-03,0.004189598910903536
2023-07-05,0.004227792894347271
2023-07-06,0.004243702370860136
2023-07-07,0.004243702370860136
2023-07-10,0.004253246802001787
2023-07-11,0.0042675615780771725
2023-07-12,0.004257223417039269
2023-07-13,0.004251656259184777
2023-07-14,0.0042452934315264645
2023-07-17,0.004259609075395465
2023-07-18,0.004271537569666695
2023-07-19,0.004269151843822261
2023-07-20,0.0042675615780771725
2023-07-21,0.004271537569666695
2023-07-24,0.004273127766158069
2023-07-25,0.004285054115280573
2023-07-26,0.0042874394256213755
2023-07-27,0.0042874394256213755
2023-07-28,0.0042771035153537085
2023-07-31,0.004271537569666695
2023-08-01,0.004281079091424944
2023-08-02,0.004281079091424944
2023-08-03,0.004279488654292285
2023-08-04,0.004275513008963339
2023-08-07,0.004281079091424944
2023-08-08,0.004293004401976219
2023-08-09,0.004296979285724367
2023-08-10,0.0042874394256213755
2023-08-11,0.004285054115280573
2023-08-14,0.00428902934516695
2023-08-15,0.004296979285724367
2023-08-16,0.004300953617385694
2023-08-17,0.004295389125553051
2023-08-18,0.004295389125553051
2023-08-21,0.004296979285724367
2023-08-22,0.004308902519749802
2023-08-23,0.004308902519749802
2023-08-24,0.004315260916010866
2023-08-25,0.004324797869681873
2023-08-28,0.004331155159101652
2023-08-29,0.004328771369539242
2023-08-30,0.004324797869681873
2023-08-31,0.004311286828115657
2023-09-01,0.0042874394256213755
2023-09-05,0.004295389125553051
2023-09-06,0.004312876711426439
2023-09-07,0.004299363905481579
2023-09-08,0.004307312946246311
2023-09-11,0.004307312946246311
2023-09-12,0.004316850351145485
2023-09-13,0.004316850351145485
2023-09-14,0.004308902519749802
2023-09-15,0.004311286828115657
2023-09-18,0.004312876711426439
2023-09-19,0.0043208241968892835
2023-09-20,0.004324797869681873
2023-09-21,0.004316850351145485
2023-09-22,0.004316850351145485
2023-09-25,0.0043232085728974745
2023-09-26,0.004332744317567805
2023-09-27,0.004336717471618012
2023-09-28,0.004319234830932883
2023-09-29,0.004312876711426439
2023-10-02,0.004324797869681873
2023-10-03,0.00434466326106997
2023-10-04,0.004340690452780294
2023-10-05,0.004332744317567805
2023-10-06,0.004351019167498027
2023-10-09,0.004351019167498027
2023-10-10,0.004331155159101652
2023-10-11,0.004340690452780294
2023-10-12,0.004340690452780294
2023-10-13,0.004335128382305209
2023-10-16,0.004335128382305209
2023-10-17,0.00434466326106997
2023-10-18,0.004336717471618012
2023-10-19,0.0043208241968892835
2023-10-20,0.004312876711426439
2023-10-23,0.004307312946246311
2023-10-24,0.004319234830932883
2023-10-25,0.004324797869681873
2023-10-26,0.004312876711426439
2023-10-27,0.004316850351145485
2023-10-30,0.0043232085728974745
2023-10-31,0.004328771369539242
2023-11-01,0.004312876711426439
2023-11-02,0.00428902934516695
2023-11-03,0.004275513008963339
2023-11-06,0.004281079091424944
2023-11-07,0.004291414172572505
2023-11-08,0.0042874394256213755
2023-11-09,0.0042834641265063755
2023-11-10,0.004273127766158069
2023-11-13,0.004281079091424944
2023-11-14,0.004275513008963339
2023-11-15,0.0042771035153537085
2023-11-16,0.0042675615780771725
2023-11-17,0.004259609075395465
2023-11-20,0.004263585413325277
2023-11-21,0.0042771035153537085
2023-11-22,0.004285054115280573
2023-11-24,0.004275513008963339
2023-11-27,0.004279488654292285
2023-11-28,0.004281079091424944
2023-11-29,0.004265175748330519
2023-11-30,0.004263585413325277
2023-12-01,0.0042452934315264645
2023-12-04,0.004251656259184777
2023-12-05,0.0042675615780771725
2023-12-06,0.0042675615780771725
2023-12-07,0.004259609075395465
2023-12-08,0.004259609075395465
2023-12-11,0.004259609075395465
2023-12-12,0.004271537569666695
2023-12-13,0.004251656259184777
2023-12-14,0.0042452934315264645
2023-12-15,0.004253246802001787
2023-12-18,0.004253246802001787
2023-12-19,0.004263585413325277
2023-12-20,0.004257223417039269
2023-12-21,0.004241316296801356
2023-12-22,0.004239725546115736
2023-12-26,0.004235748168819775
2023-12-27,0.004261199858873521
2023-12-28,0.004247679401642834
2023-12-29,0.0042174502286933535
2024-01-02,0.004243702370860136
2024-01-03,0.004261199858873521
2024-01-04,0.004255632943501286
2024-01-05,0.00424927001374531
2024-01-08,0.00424927001374531
2024-01-09,0.004257223417039269
2024-01-10,0.004253246802001787
2024-01-11,0.004247679401642834
2024-01-12,0.004231770618235764
2024-01-16,0.004235748168819775
2024-01-17,0.0042452934315264645
2024-01-18,0.004233361507536282
2024-01-19,0.004231770618235764
2024-01-22,0.004233361507536282
2024-01-23,0.004241316296801356
2024-01-24,0.004241316296801356
2024-01-25,0.004229384232303124
2024-01-26,0.004233361507536282
2024-01-29,0.004233361507536282
2024-01-30,0.004235748168819775
2024-01-31,0.004223815376500406
2024-02-01,0.004233361507536282
2024-02-02,0.004241316296801356
2024-02-05,0.004255632943501286
2024-02-06,0.004251656259184777
2024-02-07,0.004251656259184777
2024-02-08,0.004247679401642834
2024-02-09,0.00424927001374531
2024-02-12,0.004255632943501286
2024-02-13,0.004259609075395465
2024-02-14,0.004247679401642834
2024-02-15,0.004247679401642834
2024-02-16,0.004251656259184777
2024-02-20,0.004243702370860136
2024-02-21,0.004261199858873521
2024-02-22,0.004259609075395465
2024-02-23,0.004265175748330519
2024-02-26,0.004273127766158069
2024-02-27,0.004269151843822261
2024-02-28,0.004265175748330519
2024-02-29,0.004251656259184777
2024-03-01,0.0042452934315264645
2024-03-04,0.004251656259184777
2024-03-05,0.004253246802001787
2024-03-06,0.004257223417039269
2024-03-07,0.004255632943501286
2024-03-08,0.004255632943501286
2024-03-11,0.004265175748330519
2024-03-12,0.004265175748330519
2024-03-13,0.004263585413325277
2024-03-14,0.004263585413325277
2024-03-15,0.004263585413325277
2024-03-18,0.004263585413325277
2024-03-19,0.004263585413325277
2024-03-20,0.004255632943501286
2024-03-21,0.004255632943501286
2024-03-22,0.00424927001374531
2024-03-25,0.004247679401642834
2024-03-26,0.004247679401642834
2024-03-27,0.0042452934315264645
2024-03-28,0.004235748168819775
2024-04-01,0.004247679401642834
2024-04-02,0.004243702370860136
2024-04-03,0.004241316296801356
2024-04-04,0.004235748168819775
2024-04-05,0.0042452934315264645
2024-04-08,0.004251656259184777
2024-04-09,0.00424927001374531
2024-04-10,0.0042675615780771725
2024-04-11,0.004263585413325277
2024-04-12,0.004257223417039269
2024-04-15,0.004263585413325277
2024-04-16,0.004259609075395465
2024-04-17,0.004265175748330519
2024-04-18,0.0042675615780771725
2024-04-19,0.004269151843822261
2024-04-22,0.004269151843822261
2024-04-23,0.004269151843822261
2024-04-24,0.0042771035153537085
2024-04-25,0.004269151843822261
2024-04-26,0.004263585413325277
2024-04-29,0.0042675615780771725
2024-04-30,0.004269151843822261
2024-05-01,0.004273127766158069
2024-05-02,0.004263585413325277
2024-05-03,0.004261199858873521
2024-05-06,0.004265175748330519
2024-05-07,0.0042675615780771725
2024-05-08,0.004269151843822261
2024-05-09,0.004265175748330519
2024-05-10,0.0042675615780771725
2024-05-13,0.004265175748330519
2024-05-14,0.004261199858873521
2024-05-15,0.004265175748330519
2024-05-16,0.0042675615780771725
2024-05-17,0.004265175748330519
2024-05-20,0.004265175748330519
2024-05-21,0.004265175748330519
2024-05-22,0.004269151843822261
2024-05-23,0.004269151843822261
2024-05-24,0.004269151843822261
2024-05-28,0.004271537569666695
2024-05-29,0.004273127766158069
2024-05-30,0.004271537569666695
2024-05-31,0.004269151843822261
2024-06-03,0.0042675615780771725
2024-06-04,0.004265175748330519
2024-06-05,0.004265175748330519
2024-06-06,0.004259609075395465
2024-06-07,0.004263585413325277
2024-06-10,0.004259609075395465
2024-06-11,0.004269151843822261
2024-06-12,0.0042675615780771725
2024-06-13,0.004265175748330519
2024-06-14,0.004265175748330519
2024-06-17,0.0042675615780771725
2024-06-18,0.004261199858873521
2024-06-20,0.004253246802001787
2024-06-21,0.0042452934315264645
2024-06-24,0.004241316296801356
2024-06-25,0.004251656259184777
2024-06-26,0.004257223417039269
2024-06-27,0.004251656259184777
2024-06-28,0.004243702370860136
2024-07-01,0.004247679401642834
2024-07-02,0.004255632943501286
2024-07-03,0.004257223417039269
2024-07-05,0.004253246802001787
2024-07-08,0.004247679401642834
2024-07-09,0.004253246802001787
2024-07-10,0.004253246802001787
2024-07-11,0.004231770618235764
2024-07-12,0.004231770618235764
2024-07-15,0.004227792894347271
2024-07-16,0.004227792894347271
2024-07-17,0.004229384232303124
2024-07-18,0.004227792894347271
2024-07-19,0.004227792894347271
2024-07-22,0.004225406404434473
2024-07-23,0.00421188064484701
2024-07-24,0.00420949373892876
2024-07-25,0.004201536176205778
2024-07-26,0.004197557514186379
2024-07-29,0.0041911905352682854
2024-07-30,0.004181639993270814
2024-07-31,0.004181639993270814
2024-08-01,0.004165719316832073
2024-08-02,0.004098027347509081
2024-08-05,0.004121924273690958
2024-08-06,0.004137852209579407
2024-08-07,0.004137852209579407
2024-08-08,0.004140241369114506
2024-08-09,0.004133870391216821
2024-08-12,0.004132277767135317
2024-08-13,0.004116348858463681
2024-08-14,0.00412431385013301
2024-08-15,0.004137852209579407
2024-08-16,0.004133870391216821
2024-08-19,0.00412431385013301
2024-08-20,0.004100417169717208
2024-08-21,0.00407810820900778
2024-08-22,0.004094043791550428
2024-08-23,0.0040741237836483535
2024-08-26,0.004072530116800976
2024-08-27,0.004048619874109205
2024-08-28,0.004038256886875091
2024-08-29,0.0040462286953728555
2024-08-30,0.004048619874109205
2024-09-03,0.004050213958466609
2024-09-04,0.00403267635870086
2024-09-05,0.004019919693012852
2024-09-06,0.004000780970641493
2024-09-09,0.003990412550213707
2024-09-10,0.003942543120590614
2024-09-11,0.003974458863138297
2024-09-12,0.003946533293938126
2024-09-13,0.0038850665674090568
2024-09-16,0.003870691676195248
2024-09-17,0.003862704900945868
2024-09-18,0.00376680636769966
2024-09-19,0.0037492142172321774
2024-09-20,0.0037108193934205502
2024-09-23,0.003677210330723213
2024-09-24,0.0036708073278937103
2024-09-25,0.00366440387569944
2024-09-26,0.0036491936367830657
2024-09-27,0.0036604013467138596
